2011-12-31;154.862;
2012-01-01;147.532;
2012-01-02;147.886;
2012-01-03;176.002;
2012-01-04;171.058;
2012-01-05;157.831;
2012-01-06;120.599;
2012-01-07;176.750;
2012-01-08;162.936;
2012-01-09;155.617;
2012-01-10;125.665;
2012-01-11;143.071;
2012-01-12;138.346;
2012-01-13;177.464;
2012-01-14;202.843;
2012-01-15;205.981;
2012-01-16;209.046;
2012-01-17;210.071;
2012-01-18;214.932;
2012-01-19;188.039;
2012-01-20;209.293;
2012-01-21;207.944;
2012-01-22;210.403;
2012-01-23;199.824;
2012-01-24;196.074;
2012-01-25;244.540;
2012-01-26;245.445;
2012-01-27;227.197;
2012-01-28;236.191;
2012-01-29;221.250;
2012-01-30;236.138;
2012-01-31;116.525;
2012-02-01;223.766;
2012-02-02;215.123;
2012-02-03;212.728;
2012-02-04;222.545;
2012-02-05;208.863;
2012-02-06;197.900;
2012-02-07;180.267;
2012-02-08;168.171;
2012-02-09;196.156;
2012-02-10;147.070;
2012-02-11;151.141;
2012-02-12;177.177;
2012-02-13;215.379;
2012-02-14;219.444;
2012-02-15;201.846;
2012-02-16;208.542;
2012-02-17;170.542;
2012-02-18;163.970;
2012-02-19;166.199;
2012-02-20;221.405;
2012-02-21;216.615;
2012-02-22;219.114;
2012-02-23;220.473;
2012-02-24;211.746;
2012-02-25;191.891;
2012-02-26;179.155;
2012-02-27;231.558;
2012-02-28;185.340;
2012-02-29;180.991;
2012-03-01;118.906;
2012-03-02;207.927;
2012-03-03;201.451;
2012-03-04;185.417;
2012-03-05;186.178;
2012-03-06;201.202;
2012-03-07;215.518;
2012-03-08;165.275;
2012-03-09;208.990;
2012-03-10;211.842;
2012-03-11;202.229;
2012-03-12;209.691;
2012-03-13;27.723;
2012-03-14;193.424;
2012-03-15;193.704;
2012-03-16;191.241;
2012-03-17;211.845;
2012-03-18;222.878;
2012-03-19;184.641;
2012-03-20;185.115;
2012-03-21;187.676;
2012-03-22;195.616;
2012-03-23;221.877;
2012-03-24;208.170;
2012-03-25;208.860;
2012-03-26;219.611;
2012-03-27;215.224;
2012-03-28;223.690;
2012-03-29;221.280;
2012-03-30;219.879;
2012-03-31;213.812;
2012-04-01;109.914;
2012-04-02;203.690;
2012-04-03;188.993;
2012-04-04;197.829;
2012-04-05;173.337;
2012-04-06;177.406;
2012-04-07;179.830;
2012-04-08;171.757;
2012-04-09;176.232;
2012-04-10;147.299;
2012-04-11;195.300;
2012-04-12;116.640;
2012-04-13;160.791;
2012-04-14;167.144;
2012-04-15;113.483;
2012-04-16;178.781;
2012-04-17;163.656;
2012-04-18;174.706;
2012-04-19;192.641;
2012-04-20;171.745;
2012-04-21;171.736;
2012-04-22;174.827;
2012-04-23;202.365;
2012-04-24;153.323;
2012-04-25;198.356;
2012-04-26;176.706;
2012-04-27;166.943;
2012-04-28;166.209;
2012-04-29;163.362;
2012-04-30;163.993;
2012-05-01;196.309;
2012-05-02;199.938;
2012-05-03;83.575;
2012-05-04;190.382;
2012-05-05;107.246;
2012-05-06;178.339;
2012-05-07;183.203;
2012-05-08;186.930;
2012-05-09;179.440;
2012-05-10;181.220;
2012-05-11;183.366;
2012-05-12;173.333;
2012-05-13;112.369;
2012-05-14;146.022;
2012-05-15;173.868;
2012-05-16;167.723;
2012-05-17;132.807;
2012-05-18;177.296;
2012-05-19;185.237;
2012-05-20;194.951;
2012-05-21;188.730;
2012-05-22;157.643;
2012-05-23;162.617;
2012-05-24;176.738;
2012-05-25;159.863;
2012-05-26;156.597;
2012-05-27;117.788;
2012-05-28;8.610;
2012-05-29;0;
2012-05-30;672;
2012-05-31;8.815;
2012-06-01;101.535;
2012-06-02;113.163;
2012-06-03;98.670;
2012-06-04;152.677;
2012-06-05;181.991;
2012-06-06;204.693;
2012-06-07;169.996;
2012-06-08;155.261;
2012-06-09;167.045;
2012-06-10;165.922;
2012-06-11;176.826;
2012-06-12;174.108;
2012-06-13;184.412;
2012-06-14;194.943;
2012-06-15;175.697;
2012-06-16;169.353;
2012-06-17;154.787;
2012-06-18;192.585;
2012-06-19;195.299;
2012-06-20;184.790;
2012-06-21;124.051;
2012-06-22;189.840;
2012-06-23;115.467;
2012-06-24;90.726;
2012-06-25;104.560;
2012-06-26;164.331;
2012-06-27;168.687;
2012-06-28;168.949;
2012-06-29;164.831;
2012-06-30;186.817;
2012-07-01;165.434;
2012-07-02;91.677;
2012-07-03;173.292;
2012-07-04;203.877;
2012-07-05;203.695;
2012-07-06;169.527;
2012-07-07;168.251;
2012-07-08;167.993;
2012-07-09;157.593;
2012-07-10;113.006;
2012-07-11;217.509;
2012-07-12;157.987;
2012-07-13;152.047;
2012-07-14;159.103;
2012-07-15;171.541;
2012-07-16;183.868;
2012-07-17;172.836;
2012-07-18;172.087;
2012-07-19;195.307;
2012-07-20;197.016;
2012-07-21;158.839;
2012-07-22;167.024;
2012-07-23;112.745;
2012-07-24;167.775;
2012-07-25;173.293;
2012-07-26;207.442;
2012-07-27;208.720;
2012-07-28;215.105;
2012-07-29;230.323;
2012-07-30;215.580;
2012-07-31;227.968;
2012-08-01;240.530;
2012-08-02;178.391;
2012-08-03;176.184;
2012-08-04;166.670;
2012-08-05;197.168;
2012-08-06;179.484;
2012-08-07;165.470;
2012-08-08;160.424;
2012-08-09;157.205;
2012-08-10;167.208;
2012-08-11;162.266;
2012-08-12;160.154;
2012-08-13;166.785;
2012-08-14;169.319;
2012-08-15;216.375;
2012-08-16;243.068;
2012-08-17;179.656;
2012-08-18;175.275;
2012-08-19;159.633;
2012-08-20;176.215;
2012-08-21;167.877;
2012-08-22;171.633;
2012-08-23;155.703;
2012-08-24;162.047;
2012-08-25;165.682;
2012-08-26;183.786;
2012-08-27;166.598;
2012-08-28;161.350;
2012-08-29;152.542;
2012-08-30;156.677;
2012-08-31;157.459;
2012-09-01;155.651;
2012-09-02;111.929;
2012-09-03;168.494;
2012-09-04;164.429;
2012-09-05;156.433;
2012-09-06;162.957;
2012-09-07;149.395;
2012-09-08;153.570;
2012-09-09;155.517;
2012-09-10;174.873;
2012-09-11;176.312;
2012-09-12;167.974;
2012-09-13;154.852;
2012-09-14;205.512;
2012-09-15;159.653;
2012-09-16;133.891;
2012-09-17;172.551;
2012-09-18;202.512;
2012-09-19;155.495;
2012-09-20;149.567;
2012-09-21;176.355;
2012-09-22;173.530;
2012-09-23;152.355;
2012-09-24;168.399;
2012-09-25;169.940;
2012-09-26;150.316;
2012-09-27;136.968;
2012-09-28;142.460;
2012-09-29;154.873;
2012-09-30;103.733;
2012-10-01;159.171;
2012-10-02;227.352;
2012-10-03;238.529;
2012-10-04;208.420;
2012-10-05;113.500;
2012-10-06;162.286;
2012-10-07;139.676;
2012-10-08;145.607;
2012-10-09;175.674;
2012-10-10;239.098;
2012-10-11;237.406;
2012-10-12;217.589;
2012-10-13;123.577;
2012-10-14;166.318;
2012-10-15;163.900;
2012-10-16;142.309;
2012-10-17;159.922;
2012-10-18;172.040;
2012-10-19;191.329;
2012-10-20;155.984;
2012-10-21;162.809;
2012-10-22;149.459;
2012-10-23;146.004;
2012-10-24;174.088;
2012-10-25;81.349;
2012-10-26;242.253;
2012-10-27;194.142;
2012-10-28;58.214;
2012-10-29;23.891;
2012-10-30;119.562;
2012-10-31;118.253;
2012-11-01;149.010;
2012-11-02;132.333;
2012-11-03;161.124;
2012-11-04;150.021;
2012-11-05;147.499;
2012-11-06;154.226;
2012-11-07;124.350;
2012-11-08;155.864;
2012-11-09;154.308;
2012-11-10;153.873;
2012-11-11;141.009;
2012-11-12;176.058;
2012-11-13;170.301;
2012-11-14;158.841;
2012-11-15;163.992;
2012-11-16;169.005;
2012-11-17;165.594;
2012-11-18;126.801;
2012-11-19;153.480;
2012-11-20;166.794;
2012-11-21;204.197;
2012-11-22;195.202;
2012-11-23;162.312;
2012-11-24;162.370;
2012-11-25;141.661;
2012-11-26;159.580;
2012-11-27;182.013;
2012-11-28;189.438;
2012-11-29;164.015;
2012-11-30;153.704;
2012-12-01;132.378;
2012-12-02;145.812;
2012-12-03;165.919;
2012-12-04;133.284;
2012-12-05;163.462;
2012-12-06;148.739;
2012-12-06;164.633;
2012-12-08;146.499;
2012-12-09;154.824;
2012-12-10;146.571;
2012-12-11;96.309;
2012-12-12;136.638;
2012-12-13;147.264;
2012-12-14;164.250;
2012-12-15;165.352;
2012-12-16;201.847;
2012-12-17;184.814;
2012-12-18;193.858;
2012-12-19;147.414;
2012-12-20;155.358;
2012-12-21;136.646;
2012-12-22;140.015;
2012-12-23;135.149;
2012-12-24;133.187;
2012-12-25;139.025;
2012-12-26;146.901;
2012-12-27;170.254;
2012-12-28;135.928;
2012-12-29;155.309;
2012-12-30;148.280;
2012-12-31;146.003;
2013-01-01;159.073;
2013-01-02;138.036;
2013-01-03;183.741;
2013-01-04;169.372;
2013-01-05;168.457;
2013-01-06;170.326;
2013-01-07;178.669;
2013-01-08;165.242;
2013-01-09;168.737;
2013-01-10;122.535;
2013-01-11;145.473;
2013-01-12;139.564;
2013-01-13;157.135;
2013-01-14;133.512;
2013-01-15;167.455;
2013-01-16;109.933;
2013-01-17;104.239;
2013-01-18;144.274;
2013-01-19;159.708;
2013-01-20;161.650;
2013-01-21;162.415;
2013-01-22;147.558;
2013-01-23;196.779;
2013-01-24;173.805;
2013-01-25;160.302;
2013-01-26;157.781;
2013-01-27;157.315;
2013-01-28;154.049;
2013-01-29;167.725;
2013-01-30;197.354;
2013-01-31;202.248;
2013-02-01;208.218;
2013-02-02;169.775;
2013-02-03;170.750;
2013-02-04;172.235;
2013-02-05;146.680;
2013-02-06;175.958;
2013-02-07;96.279;
2013-02-08;151.809;
2013-02-09;161.891;
2013-02-10;168.873;
2013-02-11;181.349;
2013-02-12;175.391;
2013-02-13;179.663;
2013-02-14;195.568;
2013-02-15;179.319;
2013-02-16;170.713;
2013-02-17;167.231;
2013-02-18;174.681;
2013-02-19;173.556;
2013-02-20;147.503;
2013-02-21;156.372;
2013-02-22;158.879;
2013-02-23;162.935;
2013-02-24;169.733;
2013-02-25;143.233;
2013-02-26;142.371;
2013-02-27;149.544;
2013-02-28;148.243;
2013-03-01;164.977;
2013-03-02;157.979;
2013-03-03;158.393;
2013-03-04;152.943;
2013-03-05;137.032;
2013-03-06;214.849;
2013-03-07;195.036;
2013-03-08;213.495;
2013-03-09;173.214;
2013-03-10;173.313;
2013-03-11;181.536;
2013-03-12;150.724;
2013-03-13;154.311;
2013-03-14;172.748;
2013-03-15;191.720;
2013-03-16;145.024;
2013-03-17;156.659;
2013-03-18;153.834;
2013-03-19;184.216;
2013-03-20;160.069;
2013-03-21;107.600;
2013-03-22;139.278;
2013-03-23;172.429;
2013-03-24;145.053;
2013-03-25;168.852;
2013-03-26;151.145;
2013-03-27;153.613;
2013-03-28;155.237;
2013-03-29;156.646;
2013-03-30;161.735;
2013-03-31;204.212;
2013-04-01;221.614;
2013-04-02;178.667;
2013-04-03;179.157;
2013-04-04;172.877;
2013-04-05;129.449;
2013-04-06;160.096;
2013-04-07;163.273;
2013-04-08;187.579;
2013-04-09;168.201;
2013-04-10;155.261;
2013-04-11;173.285;
2013-04-12;163.779;
2013-04-13;163.429;
2013-04-14;197.023;
2013-04-15;176.128;
2013-04-16;102.774;
2013-04-17;131.821;
2013-04-18;161.996;
2013-04-19;158.407;
2013-04-20;148.792;
2013-04-21;153.558;
2013-04-22;165.399;
2013-04-23;166.043;
2013-04-24;208.450;
2013-04-25;206.920;
2013-04-26;205.221;
2013-04-27;166.189;
2013-04-28;160.894;
2013-04-29;159.248;
2013-04-30;182.363;
2013-05-01;185.571;
2013-05-02;139.993;
2013-05-03;182.827;
2013-05-04;195.909;
2013-05-05;224.407;
2013-05-06;213.499;
2013-05-07;187.496;
2013-05-08;197.434;
2013-05-09;168.927;
2013-05-10;154.959;
2013-05-11;194.801;
2013-05-12;215.804;
2013-05-13;175.000;
2013-05-14;145.018;
2013-05-15;155.015;
2013-05-16;165.900;
2013-05-17;165.585;
2013-05-18;169.575;
2013-05-19;158.550;
2013-05-20;135.345;
2013-05-21;185.841;
2013-05-22;190.818;
2013-05-23;170.330;
2013-05-24;157.261;
2013-05-25;209.126;
2013-05-26;156.996;
2013-05-27;210.677;
2013-05-28;181.342;
2013-05-29;193.862;
2013-05-30;179.615;
2013-05-31;202.200;
2013-06-01;191.925;
2013-06-02;177.923;
2013-06-03;101.455;
2013-06-04;193.068;
2013-06-05;187.689;
2013-06-06;171.593;
2013-06-07;170.586;
2013-06-08;174.774;
2013-06-09;175.589;
2013-06-10;185.015;
2013-06-11;196.789;
2013-06-12;177.751;
2013-06-13;182.161;
2013-06-14;188.370;
2013-06-15;215.441;
2013-06-16;177.390;
2013-06-17;179.562;
2013-06-18;214.690;
2013-06-18;208.619;
2013-06-19;217.739;
2013-06-21;222.034;
2013-06-22;172.079;
2013-06-23;171.733;
2013-06-24;186.062;
2013-06-25;190.536;
2013-06-26;179.611;
2013-06-27;174.085;
2013-06-28;170.086;
2013-06-29;166.860;
2013-06-30;170.999;
2013-07-01;202.566;
2013-07-02;240.468;
2013-07-03;223.784;
2013-07-04;238.001;
2013-07-05;175.502;
2013-07-06;171.386;
2013-07-07;118.021;
2013-07-08;215.958;
2013-07-09;150.824;
2013-07-10;142.650;
2013-07-11;209.778;
2013-07-12;214.283;
2013-07-13;165.648;
2013-07-14;159.890;
2013-07-15;119.062;
2013-07-16;153.956;
2013-07-17;227.000;
2013-07-18;188.913;
2013-07-19;145.675;
2013-07-20;155.511;
2013-07-21;146.383;
2013-07-22;176.635;
2013-07-23;201.922;
2013-07-24;185.693;
2013-07-25;207.781;
2013-07-26;186.723;
2013-07-27;178.223;
2013-07-28;186.951;
2013-07-29;196.094;
2013-07-30;236.658;
2013-07-31;234.573;
2013-08-01;226.405;
2013-08-02;216.252;
2013-08-03;163.898;
2013-08-04;184.577;
2013-08-05;219.977;
2013-08-06;242.906;
2013-08-07;228.960;
2013-08-08;194.144;
2013-08-09;250.988;
2013-08-10;173.589;
2013-08-11;165.320;
2013-08-12;177.737;
2013-08-13;170.976;
2013-08-13;176.593;
2013-08-15;169.875;
2013-08-16;200.788;
2013-08-17;181.769;
2013-08-18;179.507;
2013-08-19;171.243;
2013-08-20;170.291;
2013-08-21;171.101;
2013-08-22;217.805;
2013-08-23;216.586;
2013-08-24;209.325;
2013-08-25;229.014;
2013-08-26;214.628;
2013-08-27;143.162;
2013-08-28;198.803;
2013-08-29;193.260;
2013-08-30;178.118;
2013-08-31;178.018;
2013-09-01;170.584;
2013-09-02;210.935;
2013-09-03;228.517;
2013-09-04;234.518;
2013-09-05;163.888;
2013-09-06;179.334;
2013-09-07;167.442;
2013-09-08;168.765;
2013-09-09;188.122;
2013-09-10;177.320;
2013-09-11;183.901;
2013-09-12;149.676;
2013-09-13;187.002;
2013-09-14;148.755;
2013-09-15;175.449;
2013-09-16;175.880;
2013-09-17;167.882;
2013-09-18;173.200;
2013-09-19;184.331;
2013-09-20;210.456;
2013-09-21;169.840;
2013-09-22;161.077;
2013-09-23;165.307;
2013-09-24;170.703;
2013-09-25;121.299;
2013-09-26;86.419;
2013-09-27;133.951;
2013-09-28;170.980;
2013-09-29;174.056;
2013-09-30;131.603;
2013-10-01;121.091;
2013-10-02;146.310;
2013-10-03;190.850;
2013-10-04;209.699;
2013-10-05;195.463;
2013-10-06;169.172;
2013-10-07;145.218;
2013-10-08;178.897;
2013-10-09;228.520;
2013-10-10;192.845;
2013-10-11;181.394;
2013-10-12;154.521;
2013-10-13;189.764;
2013-10-14;196.698;
2013-10-15;177.801;
2013-10-16;197.514;
2013-10-17;211.683;
2013-10-18;191.390;
2013-10-19;163.858;
2013-10-20;167.230;
2013-10-21;168.967;
2013-10-22;170.859;
2013-10-23;203.933;
2013-10-24;203.148;
2013-10-25;205.227;
2013-10-26;169.469;
2013-10-27;209.509;
2013-10-28;193.713;
2013-10-29;169.124;
2013-10-30;212.596;
2013-10-31;165.267;
2013-11-01;186.498;
2013-11-02;175.813;
2013-11-03;162.378;
2013-11-04;181.731;
2013-11-05;164.773;
2013-11-06;191.443;
2013-11-07;213.850;
2013-11-08;102.748;
2013-11-09;120.678;
2013-11-10;149.309;
2013-11-11;172.870;
2013-11-12;154.476;
2013-11-13;151.671;
2013-11-14;125.105;
2013-11-15;214.570;
2013-11-16;199.588;
2013-11-17;99.995;
2013-11-18;1.903;
2013-11-19;0;
2013-11-20;0;
2013-11-21;32.534;
2013-11-22;92.721;
2013-11-23;187.454;
2013-11-24;186.546;
2013-11-25;195.265;
2013-11-26;179.234;
2013-11-27;201.475;
2013-11-28;209.001;
2013-11-29;185.791;
2013-11-30;180.868;
2013-12-01;169.572;
2013-12-02;175.713;
2013-12-03;171.259;
2013-12-04;169.946;
2013-12-05;152.031;
2013-12-06;154.583;
2013-12-07;152.246;
2013-12-08;185.509;
2013-12-09;171.318;
2013-12-10;163.515;
2013-12-11;182.898;
2013-12-12;182.824;
2013-12-13;186.023;
2013-12-14;249.425;
2013-12-15;230.809;
2013-12-16;216.119;
2013-12-17;186.509;
2013-12-18;209.031;
2013-12-19;118.460;
2013-12-20;194.850;
2013-12-21;191.193;
2013-12-22;194.704;
2013-12-23;168.124;
2013-12-24;162.353;
2013-12-25;158.717;
2013-12-26;144.151;
2013-12-27;119.545;
2013-12-28;157.637;
2013-12-29;168.981;
2013-12-30;165.767;
2013-12-31;167.978;
2014-01-01;171.321;
2014-01-02;185.735;
2014-01-03;170.855;
2014-01-04;165.802;
2014-01-05;182.066;
2014-01-06;170.109;
2014-01-07;181.213;
2014-01-08;178.837;
2014-01-09;190.807;
2014-01-10;201.266;
2014-01-11;173.864;
2014-01-12;211.272;
2014-01-13;198.337;
2014-01-14;173.280;
2014-01-15;182.441;
2014-01-16;206.646;
2014-01-17;172.765;
2014-01-17;185.483;
2014-01-18;175.245;
2014-01-19;174.597;
2014-01-20;173.791;
2014-01-22;157.913;
2014-01-23;186.350;
2014-01-24;153.406;
2014-01-25;159.151;
2014-01-26;157.647;
2014-01-27;155.612;
2014-01-28;196.143;
2014-01-29;163.177;
2014-01-30;128.644;
2014-01-31;148.644;
2014-02-01;171.583;
2014-02-02;86.353;
2014-02-03;85.848;
2014-02-04;162.565;
2014-02-05;197.042;
2014-02-06;213.175;
2014-02-07;203.166;
2014-02-08;191.522;
2014-02-09;189.536;
2014-02-10;218.105;
2014-02-11;236.356;
2014-02-12;156.806;
2014-02-13;180.897;
2014-02-14;132.737;
2014-02-15;207.611;
2014-02-16;203.549;
2014-02-17;181.559;
2014-02-18;183.899;
2014-02-19;177.967;
2014-02-20;82.569;
2014-02-21;183.053;
2014-02-22;186.031;
2014-02-23;198.239;
2014-02-24;138.932;
2014-02-25;200.653;
2014-02-26;200.016;
2014-02-27;215.020;
2014-02-28;208.539;
2014-03-01;172.232;
2014-03-02;180.026;
2014-03-03;226.430;
2014-03-04;228.684;
2014-03-05;226.459;
2014-03-06;176.144;
2014-03-07;191.618;
2014-03-08;141.891;
2014-03-09;126.497;
2014-03-10;120.717;
2014-03-11;200.567;
2014-03-11;134.224;
2014-03-12;146.987;
2014-03-14;146.584;
2014-03-15;149.727;
2014-03-16;149.359;
2014-03-17;173.531;
2014-03-18;168.593;
2014-03-19;180.008;
2014-03-20;177.548;
2014-03-21;166.482;
2014-03-22;172.098;
2014-03-23;172.265;
2014-03-24;159.205;
2014-03-25;198.201;
2014-03-26;180.090;
2014-03-27;214.795;
2014-03-28;193.890;
2014-03-29;148.731;
2014-03-30;167.943;
2014-03-31;170.357;
2014-04-01;160.820;
2014-04-02;147.229;
2014-04-03;176.764;
2014-04-04;174.989;
2014-04-05;163.804;
2014-04-06;204.268;
2014-04-07;182.397;
2014-04-08;205.136;
2014-04-09;191.359;
2014-04-10;173.214;
2014-04-11;166.440;
2014-04-12;161.846;
2014-04-13;184.707;
2014-04-14;191.855;
2014-04-15;157.847;
2014-04-16;175.020;
2014-04-17;166.832;
2014-04-18;171.356;
2014-04-19;172.803;
2014-04-20;206.994;
2014-04-21;110.633;
2014-04-22;154.582;
2014-04-23;107.750;
2014-04-24;241.692;
2014-04-25;212.998;
2014-04-26;167.899;
2014-04-27;182.627;
2014-04-28;207.597;
2014-04-29;170.556;
2014-04-30;162.239;
2014-05-01;179.385;
2014-05-02;131.570;
2014-05-03;176.939;
2014-05-04;170.561;
2014-05-05;160.500;
2014-05-06;171.753;
2014-05-07;167.807;
2014-05-08;165.747;
2014-05-09;193.156;
2014-05-10;140.303;
2014-05-11;234.922;
2014-05-12;198.102;
2014-05-13;137.983;
2014-05-14;120.686;
2014-05-15;210.162;
2014-05-16;198.787;
2014-05-17;194.451;
2014-05-18;185.028;
2014-05-19;211.647;
2014-05-20;197.815;
2014-05-21;192.890;
2014-05-22;174.796;
2014-05-23;217.329;
2014-05-24;182.841;
2014-05-25;191.833;
2014-05-26;201.472;
2014-05-27;147.496;
2014-05-28;170.536;
2014-05-29;177.677;
2014-05-30;173.499;
2014-05-31;169.658;
2014-06-01;159.689;
2014-06-02;176.123;
2014-06-03;241.126;
2014-06-04;221.967;
2014-06-05;165.879;
2014-06-06;129.157;
2014-06-07;166.308;
2014-06-08;170.245;
2014-06-09;184.606;
2014-06-10;173.280;
2014-06-11;168.143;
2014-06-12;171.062;
2014-06-13;163.442;
2014-06-14;163.385;
2014-06-15;150.586;
2014-06-16;184.476;
2014-06-17;138.026;
2014-06-18;197.517;
2014-06-19;152.542;
2014-06-20;208.828;
2014-06-21;189.567;
2014-06-22;209.787;
2014-06-23;190.852;
2014-06-24;165.806;
2014-06-25;171.121;
2014-06-26;195.720;
2014-06-27;196.903;
2014-06-28;192.357;
2014-06-29;189.460;
2014-06-30;181.056;
2014-07-01;170.127;
2014-07-02;192.583;
2014-07-03;154.121;
2014-07-04;158.732;
2014-07-05;159.041;
2014-07-06;167.294;
2014-07-07;167.680;
2014-07-08;182.684;
2014-07-09;178.774;
2014-07-10;169.328;
2014-07-11;169.077;
2014-07-12;167.513;
2014-07-13;168.580;
2014-07-14;178.460;
2014-07-15;170.041;
2014-07-16;173.585;
2014-07-17;179.587;
2014-07-18;170.900;
2014-07-19;168.889;
2014-07-20;170.852;
2014-07-21;169.214;
2014-07-22;218.469;
2014-07-23;230.064;
2014-07-24;209.492;
2014-07-25;215.823;
2014-07-26;174.528;
2014-07-27;187.724;
2014-07-28;179.141;
2014-07-29;185.945;
2014-07-30;176.875;
2014-07-31;58.421;
2014-08-01;160.754;
2014-08-02;178.902;
2014-08-03;167.659;
2014-08-04;189.523;
2014-08-05;174.427;
2014-08-06;200.276;
2014-08-07;170.450;
2014-08-08;176.122;
2014-08-09;123.807;
2014-08-10;135.756;
2014-08-11;191.588;
2014-08-12;154.124;
2014-08-13;149.869;
2014-08-14;165.245;
2014-08-15;149.755;
2014-08-16;196.892;
2014-08-17;162.763;
2014-08-18;165.355;
2014-08-19;203.755;
2014-08-20;205.581;
2014-08-21;206.602;
2014-08-22;221.153;
2014-08-23;192.876;
2014-08-24;242.204;
2014-08-25;125.017;
2014-08-26;178.572;
2014-08-27;192.978;
2014-08-28;203.766;
2014-08-29;233.247;
2014-08-30;190.672;
2014-08-31;174.495;
2014-09-01;129.826;
2014-09-02;182.497;
2014-09-03;173.244;
2014-09-04;185.421;
2014-09-05;168.555;
2014-09-06;166.523;
2014-09-07;169.330;
2014-09-08;176.430;
2014-09-09;149.495;
2014-09-10;176.262;
2014-09-11;150.335;
2014-09-12;167.543;
2014-09-13;177.938;
2014-09-14;167.468;
2014-09-15;161.060;
2014-09-16;153.746;
2014-09-17;159.934;
2014-09-18;187.431;
2014-09-19;210.779;
2014-09-20;208.550;
2014-09-21;221.192;
2014-09-22;180.787;
2014-09-23;171.161;
2014-09-24;175.929;
2014-09-25;183.111;
2014-09-26;170.456;
2014-09-27;168.450;
2014-09-28;179.887;
2014-09-29;57.957;
2014-09-30;218.463;
2014-10-01;176.461;
2014-10-02;175.416;
2014-10-03;168.737;
2014-10-04;159.159;
2014-10-05;176.409;
2014-10-06;152.322;
2014-10-07;198.049;
2014-10-08;171.867;
2014-10-09;177.976;
2014-10-10;186.295;
2014-10-11;162.531;
2014-10-12;183.021;
2014-10-13;192.380;
2014-10-14;186.801;
2014-10-15;181.112;
2014-10-16;177.299;
2014-10-17;191.804;
2014-10-18;226.447;
2014-10-19;248.768;
2014-10-20;253.338;
2014-10-21;252.618;
2014-10-22;252.830;
2014-10-23;226.590;
2014-10-24;116.952;
2014-10-25;218.188;
2014-10-26;96.613;
2014-10-27;80.870;
2014-10-28;88.360;
2014-10-29;112.303;
2014-10-30;110.591;
2014-10-31;112.262;
2014-11-01;236.018;
2014-11-02;221.498;
2014-11-03;141.438;
2014-11-04;87.506;
2014-11-05;117.908;
2014-11-06;208.016;
2014-11-07;221.555;
2014-11-08;208.545;
2014-11-09;194.508;
2014-11-10;216.217;
2014-11-11;180.176;
2014-11-12;163.625;
2014-11-13;181.649;
2014-11-14;177.967;
2014-11-15;178.423;
2014-11-16;189.539;
2014-11-17;175.617;
2014-11-18;173.204;
2014-11-19;170.368;
2014-11-20;167.353;
2014-11-21;170.548;
2014-11-22;166.643;
2014-11-23;179.361;
2014-11-24;204.105;
2014-11-25;189.183;
2014-11-26;175.587;
2014-11-27;182.783;
2014-11-28;179.209;
2014-11-29;170.122;
2014-11-30;195.090;
2014-12-01;178.788;
2014-12-02;164.441;
2014-12-03;218.864;
2014-12-04;233.187;
2014-12-05;176.432;
2014-12-06;171.737;
2014-12-07;193.742;
2014-12-08;209.631;
2014-12-09;184.668;
2014-12-10;174.464;
2014-12-11;187.283;
2014-12-12;184.648;
2014-12-13;193.897;
2014-12-14;174.354;
2014-12-15;159.604;
2014-12-16;101.155;
2014-12-17;236.316;
2014-12-18;245.504;
2014-12-19;186.752;
2014-12-20;181.403;
2014-12-21;200.070;
2014-12-22;209.713;
2014-12-23;164.680;
2014-12-24;164.801;
2014-12-25;215.261;
2014-12-26;194.840;
2014-12-27;181.665;
2014-12-28;193.956;
2014-12-29;189.552;
2014-12-30;192.284;
2014-12-31;173.787;
2015-01-01;166.364;
2015-01-02;178.036;
2015-01-03;206.998;
2015-01-04;171.278;
2015-01-05;169.288;
2015-01-06;183.212;
2015-01-07;158.234;
2015-01-08;165.517;
2015-01-09;174.087;
2015-01-10;165.096;
2015-01-11;173.943;
2015-01-12;207.579;
2015-01-13;121.888;
2015-01-14;190.445;
2015-01-15;223.348;
2015-01-16;217.490;
2015-01-17;208.910;
2015-01-18;196.607;
2015-01-19;189.301;
2015-01-20;216.401;
2015-01-21;198.076;
2015-01-22;170.582;
2015-01-23;145.347;
2015-01-24;160.895;
2015-01-25;187.802;
2015-01-26;173.143;
2015-01-27;209.571;
2015-01-28;145.616;
2015-01-29;203.541;
2015-01-30;209.394;
2015-01-31;155.538;
2015-02-01;58.275;
2015-02-02;213.923;
2015-02-03;196.975;
2015-02-04;235.199;
2015-02-05;202.066;
2015-02-06;156.829;
2015-02-07;154.050;
2015-02-08;157.200;
2015-02-09;158.982;
2015-02-10;150.956;
2015-02-11;185.168;
2015-02-12;203.451;
2015-02-13;187.856;
2015-02-14;159.671;
2015-02-15;151.414;
2015-02-16;171.375;
2015-02-17;174.284;
2015-02-18;167.390;
2015-02-19;172.577;
2015-02-20;186.181;
2015-02-21;151.869;
2015-02-22;155.467;
2015-02-23;158.387;
2015-02-24;158.387;
2015-02-25;130.577;
2015-02-26;138.718;
2015-02-27;172.010;
2015-02-28;149.115;
2015-03-01;173.726;
2015-03-02;180.796;
2015-03-03;194.611;
2015-03-04;200.163;
2015-03-05;206.736;
2015-03-06;178.998;
2015-03-07;178.988;
2015-03-08;185.476;
2015-03-09;174.228;
2015-03-10;195.669;
2015-03-11;177.640;
2015-03-12;177.928;
2015-03-13;147.173;
2015-03-14;169.457;
2015-03-15;177.639;
2015-03-16;100.381;
2015-03-17;200.260;
2015-03-18;174.133;
2015-03-19;176.895;
2015-03-20;200.358;
2015-03-21;198.992;
2015-03-22;203.354;
2015-03-23;190.475;
2015-03-24;192.632;
2015-03-25;167.124;
2015-03-26;165.407;
2015-03-27;167.439;
2015-03-28;165.260;
2015-03-29;188.221;
2015-03-30;175.034;
2015-03-31;176.538;
2015-04-01;160.238;
2015-04-02;163.475;
2015-04-03;183.509;
2015-04-04;157.289;
2015-04-05;166.751;
2015-04-06;164.198;
2015-04-07;167.703;
2015-04-08;163.455;
2015-04-09;159.553;
2015-04-10;164.978;
2015-04-11;162.032;
2015-04-12;176.581;
2015-04-13;167.018;
2015-04-14;164.556;
2015-04-15;130.224;
2015-04-16;191.428;
2015-04-17;168.369;
2015-04-18;154.602;
2015-04-19;156.984;
2015-04-20;167.966;
2015-04-21;151.952;
2015-04-22;183.115;
2015-04-23;116.784;
2015-04-24;187.171;
2015-04-25;163.053;
2015-04-26;150.044;
2015-04-27;165.946;
2015-04-28;158.395;
2015-04-29;172.236;
2015-04-30;149.816;
2015-05-01;152.779;
2015-05-02;175.757;
2015-05-03;103.993;
2015-05-04;188.657;
2015-05-05;155.714;
2015-05-06;152.622;
2015-05-07;191.305;
2015-05-08;184.890;
2015-05-09;160.044;
2015-05-10;161.417;
2015-05-11;170.930;
2015-05-12;120.959;
2015-05-13;200.429;
2015-05-14;197.124;
2015-05-15;156.430;
2015-05-16;151.412;
2015-05-17;168.465;
2015-05-18;173.244;
2015-05-19;115.054;
2015-05-20;104.794;
2015-05-21;182.285;
2015-05-22;204.607;
2015-05-23;185.047;
2015-05-24;176.010;
2015-05-25;163.080;
2015-05-26;177.215;
2015-05-27;197.944;
2015-05-28;143.245;
2015-05-29;185.310;
2015-05-30;190.115;
2015-05-31;150.261;
2015-06-01;126.331;
2015-06-02;139.178;
2015-06-03;166.648;
2015-06-04;172.738;
2015-06-05;176.080;
2015-06-06;207.051;
2015-06-07;216.883;
2015-06-08;175.725;
2015-06-09;167.324;
2015-06-10;164.722;
2015-06-11;175.160;
2015-06-12;174.135;
2015-06-13;167.677;
2015-06-14;191.087;
2015-06-15;103.035;
2015-06-16;92.035;
2015-06-17;96.451;
2015-06-18;148.722;
2015-06-19;172.418;
2015-06-20;176.454;
2015-06-21;178.144;
2015-06-22;180.051;
2015-06-23;191.035;
2015-06-24;194.802;
2015-06-25;194.412;
2015-06-26;206.168;
2015-06-27;171.215;
2015-06-28;178.126;
2015-06-29;174.547;
2015-06-30;186.357;
2015-07-01;175.668;
2015-07-02;181.879;
2015-07-03;165.693;
2015-07-04;171.083;
2015-07-05;163.648;
2015-07-06;177.569;
2015-07-07;164.738;
2015-07-08;178.939;
2015-07-09;210.341;
2015-07-10;182.378;
2015-07-11;172.191;
2015-07-12;171.536;
2015-07-13;173.673;
2015-07-14;177.464;
2015-07-15;156.799;
2015-07-16;191.477;
2015-07-17;186.570;
2015-07-18;177.409;
2015-07-19;162.709;
2015-07-20;159.676;
2015-07-21;166.473;
2015-07-22;157.273;
2015-07-23;120.334;
2015-07-24;173.250;
2015-07-25;186.736;
2015-07-26;226.123;
2015-07-27;135.002;
2015-07-28;115.379;
2015-07-29;124.682;
2015-07-30;84.489;
2015-07-31;168.369;
2015-08-01;172.448;
2015-08-02;163.183;
2015-08-03;168.676;
2015-08-04;211.493;
2015-08-05;109.810;
2015-08-06;180.699;
2015-08-07;169.528;
2015-08-08;202.416;
2015-08-09;158.877;
2015-08-10;175.971;
2015-08-11;173.662;
2015-08-12;178.811;
2015-08-13;185.053;
2015-08-14;168.639;
2015-08-15;173.313;
2015-08-16;197.681;
2015-08-17;178.757;
2015-08-18;186.580;
2015-08-19;98.153;
2015-08-20;204.402;
2015-08-21;216.019;
2015-08-22;180.870;
2015-08-23;172.549;
2015-08-24;168.092;
2015-08-25;176.810;
2015-08-26;156.798;
2015-08-27;154.946;
2015-08-28;170.553;
2015-08-29;169.068;
2015-08-30;208.926;
2015-08-31;213.326;
2015-09-01;233.895;
2015-09-02;226.708;
2015-09-03;217.093;
2015-09-04;165.416;
2015-09-05;160.950;
2015-09-06;165.702;
2015-09-07;165.608;
2015-09-08;188.256;
2015-09-09;165.936;
2015-09-10;170.634;
2015-09-11;195.649;
2015-09-12;153.622;
2015-09-13;154.832;
2015-09-14;193.183;
2015-09-15;146.572;
2015-09-16;150.457;
2015-09-17;159.583;
2015-09-18;157.553;
2015-09-19;157.319;
2015-09-20;214.594;
2015-09-21;157.160;
2015-09-22;127.114;
2015-09-23;158.206;
2015-09-24;152.065;
2015-09-25;152.775;
2015-09-26;158.556;
2015-09-27;193.730;
2015-09-28;156.051;
2015-09-29;157.385;
2015-09-30;159.533;
2015-10-01;175.008;
2015-10-02;161.741;
2015-10-03;162.176;
2015-10-04;158.509;
2015-10-05;166.249;
2015-10-06;145.433;
2015-10-07;232.922;
2015-10-08;234.278;
2015-10-09;205.960;
2015-10-10;167.795;
2015-10-11;173.051;
2015-10-12;163.919;
2015-10-13;171.006;
2015-10-14;177.085;
2015-10-15;191.545;
2015-10-16;163.561;
2015-10-17;167.046;
2015-10-18;159.838;
2015-10-19;158.430;
2015-10-20;188.015;
2015-10-21;113.504;
2015-10-22;156.690;
2015-10-23;139.900;
2015-10-24;161.172;
2015-10-25;152.013;
2015-10-26;171.583;
2015-10-27;177.178;
2015-10-28;166.734;
2015-10-29;181.409;
2015-10-30;167.774;
2015-10-31;156.814;
2015-11-01;161.985;
2015-11-02;156.255;
2015-11-03;155.302;
2015-11-04;210.665;
2015-11-05;190.668;
2015-11-06;171.110;
2015-11-07;170.717;
2015-11-08;177.246;
2015-11-09;192.348;
2015-11-10;169.599;
2015-11-11;181.157;
2015-11-12;159.300;
2015-11-13;162.573;
2015-11-14;160.552;
2015-11-15;179.962;
2015-11-16;165.114;
2015-11-17;187.316;
2015-11-18;174.230;
2015-11-19;166.539;
2015-11-20;161.189;
2015-11-21;159.744;
2015-11-22;163.592;
2015-11-23;186.207;
2015-11-24;171.768;
2015-11-25;171.829;
2015-11-26;230.121;
2015-11-27;216.486;
2015-11-28;205.505;
2015-11-29;177.329;
2015-11-30;163.948;
2015-12-01;189.030;
2015-12-02;144.467;
2015-12-03;181.255;
2015-12-04;157.414;
2015-12-05;161.354;
2015-12-06;171.866;
2015-12-07;174.640;
2015-12-08;176.865;
2015-12-09;175.468;
2015-12-10;176.217;
2015-12-11;166.671;
2015-12-12;175.121;
2015-12-13;144.906;
2015-12-14;211.190;
2015-12-15;178.329;
2015-12-16;180.236;
2015-12-17;173.781;
2015-12-18;189.080;
2015-12-19;176.845;
2015-12-20;225.189;
2015-12-21;237.956;
2015-12-22;169.425;
2015-12-23;187.743;
2015-12-24;157.790;
2015-12-25;172.396;
2015-12-26;164.166;
2015-12-27;175.275;
2015-12-28;121.372;
2015-12-29;156.641;
2015-12-30;153.177;
2015-12-31;154.940;
2016-01-01;155.064;
2016-01-02;159.139;
2016-01-03;88.763;
2016-01-04;79.494;
2016-01-05;85.507;
2016-01-06;201.329;
2016-01-07;157.399;
2016-01-08;170.002;
2016-01-09;151.849;
2016-01-10;154.136;
2016-01-11;150.573;
2016-01-12;154.310;
2016-01-13;152.332;
2016-01-14;169.072;
2016-01-15;175.736;
2016-01-16;166.108;
2016-01-17;195.858;
2016-01-18;169.042;
2016-01-19;221.986;
2016-01-20;207.980;
2016-01-21;163.261;
2016-01-22;152.707;
2016-01-23;148.855;
2016-01-24;116.729;
2016-01-25;93.802;
2016-01-26;157.562;
2016-01-27;222.105;
2016-01-28;182.602;
2016-01-29;152.928;
2016-01-30;148.161;
2016-01-31;144.381;
2016-02-01;149.818;
2016-02-02;157.395;
2016-02-03;140.821;
2016-02-04;192.096;
2016-02-05;162.352;
2016-02-06;123.981;
2016-02-07;164.170;
2016-02-08;143.525;
2016-02-09;151.284;
2016-02-10;130.287;
2016-02-11;146.843;
2016-02-12;199.713;
2016-02-13;229.882;
2016-02-14;220.371;
2016-02-15;221.262;
2016-02-16;224.579;
2016-02-17;120.187;
2016-02-18;55.589;
2016-02-19;208.399;
2016-02-20;168.604;
2016-02-21;167.059;
2016-02-22;167.175;
2016-02-23;170.899;
2016-02-24;157.281;
2016-02-25;170.098;
2016-02-26;170.630;
2016-02-27;165.374;
2016-02-28;184.897;
2016-02-29;168.163;
2016-03-01;175.338;
2016-03-02;167.134;
2016-03-03;199.742;
2016-03-04;220.157;
2016-03-05;166.186;
2016-03-06;163.340;
2016-03-07;172.437;
2016-03-08;148.356;
2016-03-09;112.894;
2016-03-10;147.605;
2016-03-11;198.862;
2016-03-12;122.420;
2016-03-13;91.148;
2016-03-14;84.475;
2016-03-15;148.549;
2016-03-16;193.141;
2016-03-17;161.799;
2016-03-18;174.818;
2016-03-19;170.227;
2016-03-20;167.113;
2016-03-21;139.322;
2016-03-22;194.690;
2016-03-23;140.631;
2016-03-24;170.560;
2016-03-25;171.381;
2016-03-26;195.459;
2016-03-27;169.770;
2016-03-28;169.764;
2016-03-29;180.550;
2016-03-30;127.065;
2016-03-31;184.842;
2016-04-01;189.799;
2016-04-02;168.749;
2016-04-03;149.871;
2016-04-04;208.103;
2016-04-05;209.241;
2016-04-06;160.930;
2016-04-07;157.419;
2016-04-08;178.207;
2016-04-09;104.558;
2016-04-10;108.749;
2016-04-11;95.523;
2016-04-12;83.770;
2016-04-13;102.928;
2016-04-14;19.380;
2016-04-15;101.223;
2016-04-16;113.874;
2016-04-17;140.495;
2016-04-18;185.366;
2016-04-19;146.767;
2016-04-20;171.209;
2016-04-21;169.122;
2016-04-22;180.857;
2016-04-23;137.376;
2016-04-24;162.752;
2016-04-25;146.331;
2016-04-26;149.269;
2016-04-27;145.150;
2016-04-28;117.019;
2016-04-29;204.754;
2016-04-30;154.972;
2016-05-01;174.964;
2016-05-02;161.173;
2016-05-03;156.249;
2016-05-04;151.176;
2016-05-05;188.966;
2016-05-06;163.212;
2016-05-07;153.114;
2016-05-08;141.083;
2016-05-09;171.374;
2016-05-10;155.337;
2016-05-11;149.209;
2016-05-12;189.276;
2016-05-13;156.168;
2016-05-14;162.438;
2016-05-15;169.804;
2016-05-16;160.730;
2016-05-17;168.156;
2016-05-18;153.976;
2016-05-19;138.267;
2016-05-20;148.524;
2016-05-21;158.614;
2016-05-22;136.202;
2016-05-23;172.489;
2016-05-24;164.791;
2016-05-25;165.224;
2016-05-26;174.806;
2016-05-27;161.258;
2016-05-28;161.391;
2016-05-29;165.498;
2016-05-30;164.472;
2016-05-31;193.436;
2016-06-01;204.486;
2016-06-02;118.365;
2016-06-03;153.778;
2016-06-04;152.649;
2016-06-05;169.539;
2016-06-06;188.126;
2016-06-07;193.270;
2016-06-08;200.909;
2016-06-09;197.899;
2016-06-10;207.846;
2016-06-11;191.943;
2016-06-12;155.345;
2016-06-13;165.412;
2016-06-14;194.599;
2016-06-15;183.369;
2016-06-16;167.024;
2016-06-17;168.322;
2016-06-18;167.031;
2016-06-19;167.886;
2016-06-20;158.981;
2016-06-21;170.514;
2016-06-22;158.858;
2016-06-23;162.224;
2016-06-24;135.676;
2016-06-25;145.776;
2016-06-26;164.858;
2016-06-27;101.911;
2016-06-28;171.801;
2016-06-29;151.994;
2016-06-30;163.594;
2016-07-01;162.324;
2016-07-02;162.707;
2016-07-03;163.083;
2016-07-04;162.295;
2016-07-05;165.799;
2016-07-06;167.608;
2016-07-07;167.741;
2016-07-08;167.664;
2016-07-09;162.077;
2016-07-10;141.302;
2016-07-11;190.703;
2016-07-12;167.224;
2016-07-13;161.383;
2016-07-14;166.432;
2016-07-15;172.569;
2016-07-16;154.539;
2016-07-17;154.390;
2016-07-18;153.697;
2016-07-19;164.611;
2016-07-20;174.213;
2016-07-21;200.031;
2016-07-22;159.605;
2016-07-23;164.445;
2016-07-24;169.782;
2016-07-25;164.589;
2016-07-26;189.318;
2016-07-27;176.128;
2016-07-28;179.157;
2016-07-29;180.705;
2016-07-30;197.707;
2016-07-31;184.918;
2016-08-01;163.058;
2016-08-02;172.970;
2016-08-03;170.030;
2016-08-04;166.374;
2016-08-05;163.596;
2016-08-06;167.971;
2016-08-07;177.718;
2016-08-08;168.634;
2016-08-09;173.467;
2016-08-10;165.316;
2016-08-11;206.500;
2016-08-12;177.116;
2016-08-13;165.924;
2016-08-14;160.454;
2016-08-15;113.225;
2016-08-16;155.454;
2016-08-17;99.826;
2016-08-18;187.285;
2016-08-19;161.138;
2016-08-20;168.971;
2016-08-21;161.186;
2016-08-22;160.548;
2016-08-23;182.554;
2016-08-24;176.950;
2016-08-25;156.846;
2016-08-26;170.144;
2016-08-27;163.997;
2016-08-28;164.193;
2016-08-29;189.011;
2016-08-30;157.014;
2016-08-31;161.228;
2016-09-01;168.005;
2016-09-02;175.165;
2016-09-03;166.664;
2016-09-04;166.445;
2016-09-05;215.478;
2016-09-06;182.839;
2016-09-07;195.678;
2016-09-08;171.149;
2016-09-09;168.112;
2016-09-10;172.554;
2016-09-11;166.703;
2016-09-12;191.622;
2016-09-13;155.991;
2016-09-14;137.100;
2016-09-15;190.388;
2016-09-16;170.895;
2016-09-17;165.282;
2016-09-18;164.027;
2016-09-19;223.134;
2016-09-20;219.093;
2016-09-21;176.942;
2016-09-22;161.735;
2016-09-23;187.681;
2016-09-24;174.783;
2016-09-25;169.026;
2016-09-26;175.071;
2016-09-27;181.532;
2016-09-28;167.368;
2016-09-29;177.134;
2016-09-30;194.521;
2016-10-01;189.414;
2016-10-02;193.192;
2016-10-03;184.842;
2016-10-04;211.174;
2016-10-05;124.505;
2016-10-06;204.858;
2016-10-07;174.707;
2016-10-08;155.178;
2016-10-09;145.371;
2016-10-10;174.446;
2016-10-11;165.548;
2016-10-12;162.814;
2016-10-13;173.724;
2016-10-14;171.971;
2016-10-15;168.468;
2016-10-16;162.291;
2016-10-17;165.570;
2016-10-18;161.144;
2016-10-19;157.650;
2016-10-20;165.590;
2016-10-21;69.530;
2016-10-22;128.416;
2016-10-23;189.464;
2016-10-24;166.407;
2016-10-25;178.987;
2016-10-26;194.613;
2016-10-27;199.032;
2016-10-28;160.176;
2016-10-29;148.608;
2016-10-30;164.915;
2016-10-31;183.454;
2016-11-01;154.769;
2016-11-02;158.764;
2016-11-03;194.107;
2016-11-04;201.110;
2016-11-05;220.224;
2016-11-06;204.820;
2016-11-07;220.160;
2016-11-08;186.019;
2016-11-09;195.590;
2016-11-10;161.876;
2016-11-11;194.327;
2016-11-12;165.003;
2016-11-13;167.257;
2016-11-14;162.732;
2016-11-15;162.161;
2016-11-16;181.336;
2016-11-17;180.794;
2016-11-18;151.511;
2016-11-19;175.259;
2016-11-20;161.568;
2016-11-21;160.977;
2016-11-22;156.395;
2016-11-23;162.422;
2016-11-24;156.790;
2016-11-25;161.041;
2016-11-26;169.217;
2016-11-27;172.488;
2016-11-28;186.913;
2016-11-29;171.887;
2016-11-30;173.771;
2016-12-01;179.709;
2016-12-02;172.101;
2016-12-03;198.940;
2016-12-04;186.016;
2016-12-05;161.392;
2016-12-06;204.474;
2016-12-07;197.899;
2016-12-08;194.427;
2016-12-09;194.982;
2016-12-10;194.462;
2016-12-11;195.556;
2016-12-12;190.510;
2016-12-13;189.946;
2016-12-14;156.155;
2016-12-15;187.856;
2016-12-16;181.126;
2016-12-17;163.204;
2016-12-18;166.851;
2016-12-19;187.485;
2016-12-20;169.781;
2016-12-21;165.855;
2016-12-22;163.918;
2016-12-23;161.125;
2016-12-24;164.456;
2016-12-25;174.019;
2016-12-26;151.003;
2016-12-27;177.605;
2016-12-28;109.800;
2016-12-29;181.316;
2016-12-30;175.369;
2016-12-31;174.010;
2017-01-01;160.271;
2017-01-02;156.914;
2017-01-03;161.442;
2017-01-04;172.173;
2017-01-05;191.261;
2017-01-06;177.270;
2017-01-07;180.724;
2017-01-08;176.952;
2017-01-09;150.021;
2017-01-10;208.752;
2017-01-11;170.512;
2017-01-12;190.618;
2017-01-13;181.242;
2017-01-14;184.769;
2017-01-15;132.632;
2017-01-16;210.350;
2017-01-17;171.417;
2017-01-18;168.985;
2017-01-19;172.985;
2017-01-20;173.325;
2017-01-21;175.666;
2017-01-22;172.495;
2017-01-23;170.373;
2017-01-24;186.052;
2017-01-25;194.733;
2017-01-26;171.931;
2017-01-27;177.454;
2017-01-28;161.322;
2017-01-29;169.064;
2017-01-30;146.999;
2017-01-31;170.261;
2017-02-01;187.301;
2017-02-02;182.917;
2017-02-03;180.900;
2017-02-04;145.149;
2017-02-05;110.072;
2017-02-06;121.952;
2017-02-07;119.970;
2017-02-08;108.176;
2017-02-09;131.097;
2017-02-10;136.711;
2017-02-11;60.691;
2017-02-12;139.853;
2017-02-13;116.463;
2017-02-14;168.961;
2017-02-15;178.108;
2017-02-16;197.319;
2017-02-17;181.867;
2017-02-18;176.203;
2017-02-19;200.547;
2017-02-20;202.478;
2017-02-21;201.562;
2017-02-22;221.760;
2017-02-23;173.924;
2017-02-24;200.367;
2017-02-25;178.621;
2017-02-26;178.858;
2017-02-27;168.579;
2017-02-28;175.422;
2017-03-01;184.603;
2017-03-02;182.765;
2017-03-03;208.674;
2017-03-04;166.541;
2017-03-05;193.890;
2017-03-06;219.728;
2017-03-07;186.509;
2017-03-08;165.218;
2017-03-09;139.322;
2017-03-10;177.157;
2017-03-11;172.518;
2017-03-12;190.492;
2017-03-13;195.073;
2017-03-14;185.598;
2017-03-15;172.872;
2017-03-16;196.163;
2017-03-17;190.840;
2017-03-18;183.855;
2017-03-19;178.765;
2017-03-20;177.031;
2017-03-21;176.251;
2017-03-22;191.480;
2017-03-23;144.381;
2017-03-24;159.126;
2017-03-25;168.658;
2017-03-26;189.633;
2017-03-27;225.858;
2017-03-28;186.997;
2017-03-29;138.571;
2017-03-30;185.450;
2017-03-31;190.150;
2017-04-01;168.776;
2017-04-02;176.183;
2017-04-03;188.309;
2017-04-04;207.485;
2017-04-05;167.860;
2017-04-06;214.139;
2017-04-07;211.326;
2017-04-08;218.824;
2017-04-09;198.096;
2017-04-10;194.994;
2017-04-11;189.684;
2017-04-12;160.614;
2017-04-13;144.244;
2017-04-14;201.390;
2017-04-15;181.147;
2017-04-16;218.079;
2017-04-17;197.238;
2017-04-18;204.674;
2017-04-19;194.369;
2017-04-20;144.972;
2017-04-21;184.425;
2017-04-22;177.973;
2017-04-23;0;
2017-04-24;0;
2017-04-25;0;
2017-04-26;0;
2017-04-27;0;
2017-04-28;0;
2017-04-29;0;
2017-04-30;12.390;
2017-05-01;114.815;
2017-05-02;121.349;
2017-05-03;179.862;
2017-05-04;115.442;
2017-05-05;107.661;
2017-05-06;146.395;
2017-05-07;173.735;
2017-05-08;220.047;
2017-05-09;208.202;
2017-05-10;166.273;
2017-05-11;168.840;
2017-05-12;187.790;
2017-05-13;192.616;
2017-05-14;213.296;
2017-05-15;192.876;
2017-05-16;205.318;
2017-05-17;138.015;
2017-05-18;125.984;
2017-05-19;177.521;
2017-05-20;169.150;
2017-05-21;167.909;
2017-05-22;131.583;
2017-05-23;155.094;
2017-05-24;171.177;
2017-05-25;118.622;
2017-05-26;15.656;
2017-05-27;213.325;
2017-05-28;186.248;
2017-05-29;188.154;
2017-05-30;145.092;
2017-05-31;131.153;
2017-06-01;186.284;
2017-06-02;177.792;
2017-06-03;143.394;
2017-06-04;124.459;
2017-06-05;151.206;
2017-06-06;156.393;
2017-06-07;153.546;
2017-06-08;148.193;
2017-06-09;171.218;
2017-06-10;191.122;
2017-06-11;165.551;
2017-06-12;164.075;
2017-06-13;170.933;
2017-06-14;174.486;
2017-06-15;171.093;
2017-06-16;172.585;
2017-06-17;167.171;
2017-06-18;164.407;
2017-06-19;122.405;
2017-06-20;150.180;
2017-06-21;201.677;
2017-06-22;186.822;
2017-06-23;181.165;
2017-06-24;155.884;
2017-06-25;155.408;
2017-06-26;162.439;
2017-06-27;188.231;
2017-06-28;206.065;
2017-06-29;212.428;
2017-06-30;195.974;
2017-07-01;154.920;
2017-07-02;156.566;
2017-07-03;157.548;
2017-07-04;146.031;
2017-07-05;141.605;
2017-07-06;176.060;
2017-07-07;232.285;
2017-07-08;185.109;
2017-07-09;211.244;
2017-07-10;176.014;
2017-07-11;163.089;
2017-07-12;203.053;
2017-07-13;172.917;
2017-07-14;167.970;
2017-07-15;183.822;
2017-07-16;149.225;
2017-07-17;154.411;
2017-07-18;142.595;
2017-07-19;162.045;
2017-07-20;172.363;
2017-07-21;148.546;
2017-07-22;150.711;
2017-07-23;148.093;
2017-07-24;164.825;
2017-07-25;171.775;
2017-07-26;144.989;
2017-07-27;141.580;
2017-07-28;191.435;
2017-07-29;166.831;
2017-07-30;157.183;
2017-07-31;158.247;
2017-08-01;158.200;
2017-08-02;168.092;
2017-08-03;174.266;
2017-08-04;83.311;
2017-08-05;179.930;
2017-08-06;180.344;
2017-08-07;134.758;
2017-08-08;132.783;
2017-08-09;170.016;
2017-08-10;181.473;
2017-08-11;156.816;
2017-08-12;156.282;
2017-08-13;149.811;
2017-08-14;112.730;
2017-08-15;152.204;
2017-08-16;143.358;
2017-08-17;136.829;
2017-08-18;168.901;
2017-08-19;163.811;
2017-08-20;159.621;
2017-08-21;121.601;
2017-08-22;155.023;
2017-08-23;149.305;
2017-08-24;161.061;
2017-08-25;161.851;
2017-08-26;155.966;
2017-08-27;159.272;
2017-08-28;152.458;
2017-08-29;175.336;
2017-08-30;178.945;
2017-08-31;146.678;
2017-09-01;176.341;
2017-09-02;185.668;
2017-09-03;199.548;
2017-09-04;195.073;
2017-09-05;203.088;
2017-09-06;126.410;
2017-09-07;174.582;
2017-09-08;178.226;
2017-09-09;164.263;
2017-09-10;163.223;
2017-09-11;166.190;
2017-09-12;152.348;
2017-09-13;137.064;
2017-09-14;173.098;
2017-09-15;166.461;
2017-09-16;175.912;
2017-09-17;172.647;
2017-09-18;170.855;
2017-09-19;161.965;
2017-09-20;128.873;
2017-09-21;141.932;
2017-09-22;193.698;
2017-09-23;186.042;
2017-09-24;191.743;
2017-09-25;169.505;
2017-09-26;141.215;
2017-09-27;133.983;
2017-09-28;127.239;
2017-09-29;125.633;
2017-09-30;140.583;
2017-10-01;139.090;
2017-10-02;114.830;
2017-10-03;145.967;
2017-10-04;157.582;
2017-10-05;174.166;
2017-10-06;137.788;
2017-10-07;153.695;
2017-10-08;163.475;
2017-10-09;165.437;
2017-10-10;153.220;
2017-10-11;169.229;
2017-10-12;192.708;
2017-10-13;168.030;
2017-10-14;181.701;
2017-10-15;169.672;
2017-10-16;165.662;
2017-10-17;192.147;
2017-10-18;216.267;
2017-10-19;217.520;
2017-10-20;233.246;
2017-10-21;207.362;
2017-10-22;231.148;
2017-10-23;212.291;
2017-10-24;193.884;
2017-10-25;163.164;
2017-10-26;173.328;
2017-10-27;170.884;
2017-10-28;172.598;
2017-10-29;187.232;
2017-10-30;157.855;
2017-10-31;154.267;
2017-11-01;151.558;
2017-11-02;189.712;
2017-11-03;176.695;
2017-11-04;155.864;
2017-11-05;137.616;
2017-11-06;105.531;
2017-11-07;177.736;
2017-11-08;192.093;
2017-11-09;184.016;
2017-11-10;154.650;
2017-11-11;168.658;
2017-11-12;185.105;
2017-11-13;159.444;
2017-11-14;165.901;
2017-11-15;168.202;
2017-11-16;184.256;
2017-11-17;165.635;
2017-11-18;158.564;
2017-11-19;151.580;
2017-11-20;144.249;
2017-11-21;165.677;
2017-11-22;163.933;
2017-11-23;222.236;
2017-11-24;198.390;
2017-11-25;164.748;
2017-11-26;165.949;
2017-11-27;192.822;
2017-11-28;171.582;
2017-11-29;149.956;
2017-11-30;176.705;
2017-12-01;187.445;
2017-12-02;175.804;
2017-12-03;175.103;
2017-12-04;182.243;
2017-12-05;184.996;
2017-12-06;187.732;
2017-12-07;178.595;
2017-12-08;174.434;
2017-12-09;178.144;
2017-12-10;187.263;
2017-12-11;180.828;
2017-12-12;180.455;
2017-12-13;176.964;
2017-12-14;175.393;
2017-12-15;175.542;
2017-12-16;178.976;
2017-12-17;157.542;
2017-12-18;179.835;
2017-12-19;178.050;
2017-12-20;202.081;
2017-12-21;182.931;
2017-12-22;191.166;
2017-12-23;186.022;
2017-12-24;184.947;
2017-12-25;174.707;
2017-12-26;185.186;
2017-12-27;180.187;
2017-12-28;185.892;
2017-12-29;185.354;
2017-12-30;179.146;
2017-12-31;188.530;
2018-01-01;207.780;
2018-01-02;170.668;
2018-01-03;140.598;
2018-01-04;221.731;
2018-01-05;149.168;
2018-01-06;194.069;
2018-01-07;181.721;
2018-01-08;22.317;
2018-01-09;6.564;
2018-01-10;105.279;
2018-01-11;216.998;
2018-01-12;186.327;
2018-01-13;151.434;
2018-01-14;158.106;
2018-01-15;59;
2018-01-16;0;
2018-01-17;0;
2018-01-18;0;
2018-01-19;0;
2018-01-20;0;
2018-01-21;0;
2018-01-22;0;
2018-01-23;0;
2018-01-24;0;
2018-01-25;0;
2018-01-26;0;
2018-01-27;0;
2018-01-28;0;
2018-01-29;0;
2018-01-30;0;
2018-01-31;0;
2018-02-01;0;
2018-02-02;0;
2018-02-03;0;
2018-02-04;0;
2018-02-05;0;
2018-02-06;0;
2018-02-07;0;
2018-02-08;0;
2018-02-09;0;
2018-02-10;0;
2018-02-11;0;
2018-02-12;0;
2018-02-13;0;
2018-02-14;0;
2018-02-15;0;
2018-02-16;0;
2018-02-17;0;
2018-02-18;0;
2018-02-19;0;
2018-02-20;0;
2018-02-21;0;
2018-02-22;0;
2018-02-23;0;
2018-02-24;0;
2018-03-15;617;
2018-03-16;26.290;
2018-03-17;7.371;
2018-03-18;128.738;
2018-03-19;44.191;
2018-03-20;10.387;
2018-03-21;839;
2018-03-22;332;
2018-03-23;35.903;
2018-03-24;63.362;
2018-03-25;166.726;
2018-03-26;8.887;
2018-03-27;10.816;
2018-03-28;87.670;
2018-03-29;144.410;
2018-03-30;245.189;
2018-03-31;260.682;
2018-04-01;259.354;
2018-04-02;160.866;
2018-04-03;223.441;
2018-04-04;259.719;
2018-04-05;274.870;
2018-04-06;244.270;
2018-04-07;272.772;
2018-04-08;271.590;
2018-04-09;249.271;
2018-04-10;255.717;
2018-04-11;190.538;
2018-04-12;210.150;
2018-04-13;200.687;
2018-04-14;198.053;
2018-04-15;219.522;
2018-04-16;213.214;
2018-04-17;222.918;
2018-04-18;197.966;
2018-04-19;209.828;
2018-04-20;209.203;
2018-04-21;188.362;
2018-04-22;189.015;
2018-04-23;206.248;
2018-04-24;143.616;
2018-04-25;13.839;
2018-04-26;160.897;
2018-04-27;163.472;
2018-04-28;154.040;
2018-04-29;209.892;
2018-04-30;218.421;
2018-05-01;179.948;
2018-05-02;171.907;
2018-05-03;178.806;
2018-05-04;182.438;
2018-05-05;168.015;
2018-05-06;206.310;
2018-05-07;192.385;
2018-05-08;249.368;
2018-05-09;226.490;
2018-05-10;244.768;
2018-05-11;193.079;
2018-05-12;155.156;
2018-05-13;177.387;
2018-05-14;190.991;
2018-05-15;196.692;
2018-05-16;215.147;
2018-05-17;169.630;
2018-05-18;195.693;
2018-05-19;170.443;
2018-05-20;188.499;
2018-05-21;181.521;
2018-05-22;187.562;
2018-05-23;191.675;
2018-05-24;192.271;
2018-05-25;186.024;
2018-05-26;194.724;
2018-05-27;232.642;
2018-05-28;199.603;
2018-05-29;206.121;
2018-05-30;221.835;
2018-05-31;225.922;
2018-06-01;209.917;
2018-06-02;210.592;
2018-06-03;169.665;
2018-06-04;195.846;
2018-06-05;138.729;
2018-06-06;205.310;
2018-06-07;219.400;
2018-06-08;189.207;
2018-06-09;187.171;
2018-06-10;187.278;
2018-06-11;189.278;
2018-06-12;194.605;
2018-06-13;154.172;
2018-06-14;223.948;
2018-06-15;200.611;
2018-06-16;184.234;
2018-06-17;191.017;
2018-06-18;182.168;
2018-06-19;180.391;
2018-06-20;167.161;
2018-06-21;187.615;
2018-06-22;182.447;
2018-06-23;181.548;
2018-06-24;188.034;
2018-06-25;226.575;
2018-06-26;189.397;
2018-06-27;208.236;
2018-06-28;195.129;
2018-06-29;150.108;
2018-06-30;154.380;
2018-07-01;148.882;
2018-07-02;152.251;
2018-07-03;196.231;
2018-07-04;163.578;
2018-07-05;157.021;
2018-07-06;153.490;
2018-07-07;198.675;
2018-07-08;154.678;
2018-07-09;157.325;
2018-07-10;157.661;
2018-07-11;171.302;
2018-07-12;177.531;
2018-07-13;161.404;
2018-07-14;168.675;
2018-07-15;211.483;
2018-07-16;180.869;
2018-07-17;156.000;
2018-07-18;198.518;
2018-07-19;145.285;
2018-07-20;148.765;
2018-07-21;153.733;
2018-07-22;217.568;
2018-07-23;174.684;
2018-07-24;146.802;
2018-07-25;133.666;
2018-07-26;151.765;
2018-07-27;159.814;
2018-07-28;163.520;
2018-07-29;223.413;
2018-07-30;202.845;
2018-07-31;205.542;
2018-08-01;164.798;
2018-08-02;214.320;
2018-08-03;170.925;
2018-08-04;147.575;
2018-08-05;189.852;
2018-08-06;176.840;
2018-08-07;179.498;
2018-08-08;207.335;
2018-08-09;225.273;
2018-08-10;145.294;
2018-08-11;150.826;
2018-08-12;151.747;
2018-08-13;154.771;
2018-08-14;159.142;
2018-08-15;241.611;
2018-08-16;221.824;
2018-08-17;190.049;
2018-08-18;177.275;
2018-08-19;177.094;
2018-08-20;85.769;
2018-08-21;72.102;
2018-08-22;128.478;
2018-08-23;158.659;
2018-08-24;194.402;
2018-08-25;161.555;
2018-08-26;146.857;
2018-08-27;130.320;
2018-08-28;77.999;
2018-08-29;36.016;
2018-08-30;212.746;
2018-08-31;166.034;
2018-09-01;151.929;
2018-09-02;140.883;
2018-09-03;145.373;
2018-09-04;163.332;
2018-09-05;161.151;
2018-09-06;164.297;
2018-09-07;160.820;
2018-09-08;143.170;
2018-09-09;207.435;
2018-09-10;179.065;
2018-09-11;146.391;
2018-09-12;149.387;
2018-09-13;157.821;
2018-09-14;169.957;
2018-09-15;107.459;
2018-09-16;151.340;
2018-09-17;237.654;
2018-09-18;179.250;
2018-09-19;194.060;
2018-09-20;156.053;
2018-09-21;175.443;
2018-09-22;178.980;
2018-09-23;196.239;
2018-09-24;185.338;
2018-09-25;153.726;
2018-09-26;14.225;
2018-09-27;120;
2018-09-28;187.878;
2018-09-29;162.961;
2018-09-30;150.364;
2018-10-01;208.545;
2018-10-02;190.168;
2018-10-03;190.057;
2018-10-04;182.648;
2018-10-05;170.648;
2018-10-06;169.201;
2018-10-07;174.040;
2018-10-08;198.312;
2018-10-09;188.984;
2018-10-10;155.760;
2018-10-11;176.695;
2018-10-12;184.720;
2018-10-13;220.164;
2018-10-14;232.063;
2018-10-15;214.484;
2018-10-16;153.200;
2018-10-17;182.609;
2018-10-18;190.614;
2018-10-19;192.220;
2018-10-20;196.731;
2018-10-21;207.342;
2018-10-22;185.496;
2018-10-23;198.962;
2018-10-24;195.836;
2018-10-25;200.719;
2018-10-26;196.002;
2018-10-27;184.324;
2018-10-28;194.233;
2018-10-29;229.725;
2018-10-30;233.647;
2018-10-31;199.618;
2018-11-01;182.967;
2018-11-02;205.200;
2018-11-03;181.247;
2018-11-04;175.344;
2018-11-05;207.655;
2018-11-06;181.819;
2018-11-07;199.670;
2018-11-08;175.964;
2018-11-09;167.715;
2018-11-10;167.993;
2018-11-11;108.536;
2018-11-12;182.988;
2018-11-13;164.069;
2018-11-14;160.986;
2018-11-15;177.085;
2018-11-16;164.016;
2018-11-17;112.001;
2018-11-18;162.754;
2018-11-19;152.190;
2018-11-20;128.655;
2018-11-21;175.694;
2018-11-22;165.559;
2018-11-23;166.580;
2018-11-24;171.856;
2018-11-25;158.081;
2018-11-26;170.201;
2018-11-27;192.091;
2018-11-28;234.809;
2018-11-29;257.473;
