2018-11-29;257472.6
2018-11-28;234809.4
2018-11-27;192091.2
2018-11-26;170200.8
2018-11-25;158080.65
2018-11-24;171855.6
2018-11-23;166580.4
2018-11-22;165558.75
2018-11-21;175694.4
2018-11-20;128655.45
2018-11-19;152190.15
2018-11-18;162754.2
2018-11-17;112001.4
2018-11-16;164016.3
2018-11-15;177084.6
2018-11-14;160.986
2018-11-13;164068.8
2018-11-12;182987.7
2018-11-11;108536.4
2018-11-10;167992.65
2018-11-09;167715.45
2018-11-08;175964.25
2018-11-07;199670.1
2018-11-06;181819.05
2018-11-05;207655.35
2018-11-04;175343.7
2018-11-03;181246.8
2018-11-02;205200.45
2018-11-01;182966.7
2018-10-31;199617.6
2018-10-30;233647.05
2018-10-29;229725.3
2018-10-28;194233.2
2018-10-27;184324.35
2018-10-26;196002.45
2018-10-25;200719.05
2018-10-24;195835.5
2018-10-23;198962.4
2018-10-22;185496.15
2018-10-21;207342.45
2018-10-20;196731.15
2018-10-19;192220.35
2018-10-18;190613.85
2018-10-17;182608.65
2018-10-16;153200.25
2018-10-15;214483.5
2018-10-14;232062.6
2018-10-13;220.164
2018-10-12;184720.2
2018-10-11;176695.05
2018-10-10;155760.15
2018-10-09;188984.25
2018-10-08;198312.45
2018-10-07;174039.6
2018-10-06;169201.2
2018-10-05;170648.1
2018-10-04;182647.5
2018-10-03;190057.35
2018-10-02;190167.6
2018-10-01;208544.7
2018-09-30;150364.2
2018-09-29;162961.05
2018-09-28;187877.55
2018-09-27;119.7
2018-09-26;14225.4
2018-09-25;153726.3
2018-09-24;185337.6
2018-09-23;196238.7
2018-09-22;178979.85
2018-09-21;175443.45
2018-09-20;156053.1
2018-09-19;194059.95
2018-09-18;179249.7
2018-09-17;237653.85
2018-09-16;151339.65
2018-09-15;107459.1
2018-09-14;169957.2
2018-09-13;157821.3
2018-09-12;149386.65
2018-09-11;146.391
2018-09-10;179064.9
2018-09-09;207434.85
2018-09-08;143169.6
2018-09-07;160820.1
2018-09-06;164296.65
2018-09-05;161150.85
2018-09-04;163331.7
2018-09-03;145372.5
2018-09-02;140882.7
2018-09-01;151928.7
2018-08-31;166034.4
2018-08-30;212745.75
2018-08-29;36016.05
2018-08-28;77999.25
2018-08-27;130319.7
2018-08-26;146857.2
2018-08-25;161555.1
2018-08-24;194402.25
2018-08-23;158659.2
2018-08-22;128.478
2018-08-21;72102.45
2018-08-20;85769.25
2018-08-19;177094.05
2018-08-18;177274.65
2018-08-17;190048.95
2018-08-16;221824.05
2018-08-15;241611.3
2018-08-14;159142.2
2018-08-13;154771.05
2018-08-12;151747.05
2018-08-11;150826.2
2018-08-10;145293.75
2018-08-09;225273.3
2018-08-08;207335.1
2018-08-07;179497.5
2018-08-06;176839.95
2018-08-05;189851.55
2018-08-04;147575.4
2018-08-03;170925.3
2018-08-02;214319.7
2018-08-01;164797.5
2018-07-31;205541.7
2018-07-30;202845.3
2018-07-29;223412.7
2018-07-28;163519.65
2018-07-27;159814.2
2018-07-26;151764.9
2018-07-25;133666.05
2018-07-24;146801.55
2018-07-23;174684.3
2018-07-22;217568.4
2018-07-21;153732.6
2018-07-20;148765.05
2018-07-19;145285.35
2018-07-18;198518.25
2018-07-17;155999.55
2018-07-16;180868.8
2018-07-15;211482.6
2018-07-14;168675.15
2018-07-13;161403.9
2018-07-12;177530.85
2018-07-11;171302.25
2018-07-10;157660.65
2018-07-09;157324.65
2018-07-08;154677.6
2018-07-07;198674.7
2018-07-06;153490.05
2018-07-05;157021.2
2018-07-04;163578.45
2018-07-03;196231.35
2018-07-02;152251.05
2018-07-01;148881.6
2018-06-30;154380.45
2018-06-29;150.108
2018-06-28;195128.85
2018-06-27;208.236
2018-06-26;189396.9
2018-06-25;226575.3
2018-06-24;188.034
2018-06-23;181548.15
2018-06-22;182446.95
2018-06-21;187615.05
2018-06-20;167161.05
2018-06-19;180391.05
2018-06-18;182167.65
2018-06-17;191017.05
2018-06-16;184234.05
2018-06-15;200610.9
2018-06-14;223948.2
2018-06-13;154171.5
2018-06-12;194604.9
2018-06-11;189278.25
2018-06-10;187.278
2018-06-09;187170.9
2018-06-08;189206.85
2018-06-07;219399.6
2018-06-06;205309.65
2018-06-05;138729.15
2018-06-04;195.846
2018-06-03;169665.3
2018-06-02;210592.2
2018-06-01;209917.05
2018-05-31;225922.2
2018-05-30;221834.55
2018-05-29;206121.3
2018-05-28;199602.9
2018-05-27;232642.2
2018-05-26;194723.55
2018-05-25;186024.3
2018-05-24;192270.75
2018-05-23;191675.4
2018-05-22;187561.5
2018-05-21;181520.85
2018-05-20;188499.15
2018-05-19;170443.35
2018-05-18;195692.7
2018-05-17;169629.6
2018-05-16;215147.1
2018-05-15;196692.3
2018-05-14;190990.8
2018-05-13;177.387
2018-05-12;155156.4
2018-05-11;193079.25
2018-05-10;244767.6
2018-05-09;226490.25
2018-05-08;249367.65
2018-05-07;192385.2
2018-05-06;206310.3
2018-05-05;168014.7
2018-05-04;182437.5
2018-05-03;178805.55
2018-05-02;171907.05
2018-05-01;179947.95
2018-04-30;218.421
2018-04-29;209891.85
2018-04-28;154040.25
2018-04-27;163472.4
2018-04-26;160896.75
2018-04-25;13.839
2018-04-24;143615.85
2018-04-23;206248.35
2018-04-22;189014.7
2018-04-21;188361.6
2018-04-20;209203.05
2018-04-19;209827.8
2018-04-18;197965.95
2018-04-17;222918.15
2018-04-16;213214.05
2018-04-15;219522.45
2018-04-14;198053.1
2018-04-13;200686.5
2018-04-12;210150.15
2018-04-11;190538.25
2018-04-10;255.717
2018-04-09;249271.05
2018-04-08;271589.85
2018-04-07;272772.15
2018-04-06;244269.9
2018-04-05;274870.05
2018-04-04;259718.55
2018-04-03;223441.05
2018-04-02;160866.3
2018-04-01;259354.2
2018-03-31;260682.45
2018-03-30;245188.65
2018-03-29;144409.65
2018-03-28;87669.75
2018-03-27;10816.05
2018-03-26;8887.2
2018-03-25;166726.35
2018-03-24;63362.25
2018-03-23;35902.65
2018-03-22;331.8
2018-03-21;838.95
2018-03-20;10386.6
2018-03-19;44191.35
2018-03-18;128738.4
2018-03-17;7.371
2018-03-16;26289.9
2018-03-15;617.4
2018-02-24;000
2018-02-23;000
2018-02-22;000
2018-02-21;000
2018-02-20;000
2018-02-19;000
2018-02-18;000
2018-02-17;000
2018-02-16;000
2018-02-15;000
2018-02-14;000
2018-02-13;000
2018-02-12;000
2018-02-11;000
2018-02-10;000
2018-02-09;000
2018-02-08;000
2018-02-07;000
2018-02-06;000
2018-02-05;000
2018-02-04;000
2018-02-03;000
2018-02-02;000
2018-02-01;000
2018-01-31;000
2018-01-30;000
2018-01-29;000
2018-01-28;000
2018-01-27;000
2018-01-26;000
2018-01-25;000
2018-01-24;000
2018-01-23;000
2018-01-22;000
2018-01-21;000
2018-01-20;000
2018-01-19;000
2018-01-18;000
2018-01-17;000
2018-01-16;000
2018-01-15;58.8
2018-01-14;158105.85
2018-01-13;151434.15
2018-01-12;186326.7
2018-01-11;216998.25
2018-01-10;105279.3
2018-01-09;6563.55
2018-01-08;22316.7
2018-01-07;181721.4
2018-01-06;194069.4
2018-01-05;149168.25
2018-01-04;221730.6
2018-01-03;140598.15
2018-01-02;170668.05
2018-01-01;207780.3
2017-12-31;188529.6
2017-12-30;179145.75
2017-12-29;185354.4
2017-12-28;185.892
2017-12-27;180187.35
2017-12-26;185186.4
2017-12-25;174707.4
2017-12-24;184.947
2017-12-23;186022.2
2017-12-22;191166.15
2017-12-21;182.931
2017-12-20;202080.9
2017-12-19;178049.55
2017-12-18;179834.55
2017-12-17;157.542
2017-12-16;178975.65
2017-12-15;175542.15
2017-12-14;175393.05
2017-12-13;176963.85
2017-12-12;180455.1
2017-12-11;180827.85
2017-12-10;187263.3
2017-12-09;178144.05
2017-12-08;174434.4
2017-12-07;178594.5
2017-12-06;187731.6
2017-12-05;184996.35
2017-12-04;182243.25
2017-12-03;175103.25
2017-12-02;175803.6
2017-12-01;187444.95
2017-11-30;176704.5
2017-11-29;149955.75
2017-11-28;171581.55
2017-11-27;192.822
2017-11-26;165949.35
2017-11-25;164748.15
2017-11-24;198390.15
2017-11-23;222235.65
2017-11-22;163933.35
2017-11-21;165677.4
2017-11-20;144.249
2017-11-19;151580.1
2017-11-18;158563.65
2017-11-17;165635.4
2017-11-16;184256.1
2017-11-15;168201.6
2017-11-14;165901.05
2017-11-13;159443.55
2017-11-12;185104.5
2017-11-11;168658.35
2017-11-10;154650.3
2017-11-09;184015.65
2017-11-08;192093.3
2017-11-07;177735.6
2017-11-06;105531.3
2017-11-05;137616.15
2017-11-04;155864.1
2017-11-03;176695.05
2017-11-02;189711.9
2017-11-01;151558.05
2017-10-31;154267.05
2017-10-30;157854.9
2017-10-29;187231.8
2017-10-28;172597.95
2017-10-27;170884.35
2017-10-26;173327.7
2017-10-25;163163.7
2017-10-24;193883.55
2017-10-23;212291.1
2017-10-22;231148.05
2017-10-21;207362.4
2017-10-20;233245.95
2017-10-19;217520.1
2017-10-18;216267.45
2017-10-17;192146.85
2017-10-16;165661.65
2017-10-15;169671.6
2017-10-14;181701.45
2017-10-13;168030.45
2017-10-12;192707.55
2017-10-11;169228.5
2017-10-10;153220.2
2017-10-09;165436.95
2017-10-08;163474.5
2017-10-07;153694.8
2017-10-06;137788.35
2017-10-05;174165.6
2017-10-04;157581.9
2017-10-03;145966.8
2017-10-02;114830.1
2017-10-01;139090.35
2017-09-30;140583.45
2017-09-29;125632.5
2017-09-28;127.239
2017-09-27;133983.15
2017-09-26;141214.5
2017-09-25;169504.65
2017-09-24;191742.6
2017-09-23;186042.15
2017-09-22;193697.7
2017-09-21;141931.65
2017-09-20;128872.8
2017-09-19;161964.6
2017-09-18;170854.95
2017-09-17;172647.3
2017-09-16;175911.75
2017-09-15;166460.7
2017-09-14;173097.75
2017-09-13;137063.85
2017-09-12;152347.65
2017-09-11;166189.8
2017-09-10;163222.5
2017-09-09;164263.05
2017-09-08;178225.95
2017-09-07;174582.45
2017-09-06;126409.5
2017-09-05;203087.85
2017-09-04;195073.2
2017-09-03;199548.3
2017-09-02;185668.35
2017-09-01;176341.2
2017-08-31;146677.65
2017-08-30;178945.2
2017-08-29;175336.35
2017-08-28;152457.9
2017-08-27;159272.4
2017-08-26;155965.95
2017-08-25;161851.2
2017-08-24;161060.55
2017-08-23;149304.75
2017-08-22;155023.05
2017-08-21;121600.5
2017-08-20;159.621
2017-08-19;163810.5
2017-08-18;168900.9
2017-08-17;136828.65
2017-08-16;143357.55
2017-08-15;152203.8
2017-08-14;112730.1
2017-08-13;149810.85
2017-08-12;156.282
2017-08-11;156816.45
2017-08-10;181472.55
2017-08-09;170.016
2017-08-08;132.783
2017-08-07;134758.05
2017-08-06;180343.8
2017-08-05;179930.1
2017-08-04;83311.2
2017-08-03;174266.4
2017-08-02;168092.4
2017-08-01;158200.35
2017-07-31;158246.55
2017-07-30;157182.9
2017-07-29;166831.35
2017-07-28;191434.95
2017-07-27;141579.9
2017-07-26;144989.25
2017-07-25;171774.75
2017-07-24;164824.8
2017-07-23;148093.05
2017-07-22;150710.7
2017-07-21;148545.6
2017-07-20;172362.75
2017-07-19;162045.45
2017-07-18;142595.25
2017-07-17;154410.9
2017-07-16;149224.95
2017-07-15;183822.45
2017-07-14;167969.55
2017-07-13;172917.15
2017-07-12;203053.2
2017-07-11;163089.15
2017-07-10;176013.6
2017-07-09;211244.25
2017-07-08;185108.7
2017-07-07;232285.2
2017-07-06;176059.8
2017-07-05;141605.1
2017-07-04;146030.85
2017-07-03;157548.3
2017-07-02;156565.5
2017-07-01;154920.15
2017-06-30;195974.1
2017-06-29;212427.6
2017-06-28;206064.6
2017-06-27;188231.4
2017-06-26;162439.2
2017-06-25;155408.4
2017-06-24;155884.05
2017-06-23;181164.9
2017-06-22;186822.3
2017-06-21;201676.65
2017-06-20;150180.45
2017-06-19;122404.8
2017-06-18;164406.9
2017-06-17;167170.5
2017-06-16;172585.35
2017-06-15;171093.3
2017-06-14;174485.85
2017-06-13;170932.65
2017-06-12;164075.1
2017-06-11;165551.4
2017-06-10;191122.05
2017-06-09;171218.25
2017-06-08;148192.8
2017-06-07;153545.7
2017-06-06;156393.3
2017-06-05;151206.3
2017-06-04;124458.6
2017-06-03;143394.3
2017-06-02;177792.3
2017-06-01;186283.65
2017-05-31;131153.4
2017-05-30;145092.15
2017-05-29;188153.7
2017-05-28;186247.95
2017-05-27;213325.35
2017-05-26;15655.5
2017-05-25;118621.65
2017-05-24;171177.3
2017-05-23;155094.45
2017-05-22;131582.85
2017-05-21;167908.65
2017-05-20;169149.75
2017-05-19;177521.4
2017-05-18;125984.25
2017-05-17;138015.15
2017-05-16;205318.05
2017-05-15;192875.55
2017-05-14;213295.95
2017-05-13;192616.2
2017-05-12;187790.4
2017-05-11;168.840
2017-05-10;166272.75
2017-05-09;208202.4
2017-05-08;220047.45
2017-05-07;173735.1
2017-05-06;146395.2
2017-05-05;107660.7
2017-05-04;115442.25
2017-05-03;179861.85
2017-05-02;121348.5
2017-05-01;114815.4
2017-04-30;12.390
2017-04-29;000
2017-04-28;000
2017-04-27;000
2017-04-26;000
2017-04-25;000
2017-04-24;000
2017-04-23;000
2017-04-22;177972.9
2017-04-21;184425.15
2017-04-20;144972.45
2017-04-19;194368.65
2017-04-18;204674.4
2017-04-17;197238.3
2017-04-16;218078.7
2017-04-15;181147.05
2017-04-14;201.390
2017-04-13;144243.75
2017-04-12;160614.3
2017-04-11;189683.55
2017-04-10;194994.45
2017-04-09;198096.15
2017-04-08;218824.2
2017-04-07;211326.15
2017-04-06;214139.1
2017-04-05;167860.35
2017-04-04;207485.25
2017-04-03;188309.1
2017-04-02;176182.65
2017-04-01;168775.95
2017-03-31;190149.75
2017-03-30;185449.95
2017-03-29;138570.6
2017-03-28;186996.6
2017-03-27;225858.15
2017-03-26;189633.15
2017-03-25;168658.35
2017-03-24;159126.45
2017-03-23;144381.3
2017-03-22;191480.1
2017-03-21;176250.9
2017-03-20;177031.05
2017-03-19;178764.6
2017-03-18;183.855
2017-03-17;190839.6
2017-03-16;196163.1
2017-03-15;172.872
2017-03-14;185.598
2017-03-13;195073.2
2017-03-12;190492.05
2017-03-11;172518.15
2017-03-10;177157.05
2017-03-09;139322.4
2017-03-08;165217.5
2017-03-07;186509.4
2017-03-06;219728.25
2017-03-05;193889.85
2017-03-04;166540.5
2017-03-03;208673.85
2017-03-02;182765.1
2017-03-01;184602.6
2017-02-28;175422.45
2017-02-27;168578.55
2017-02-26;178858.05
2017-02-25;178620.75
2017-02-24;200367.3
2017-02-23;173924.1
2017-02-22;221.760
2017-02-21;201562.2
2017-02-20;202477.8
2017-02-19;200546.85
2017-02-18;176202.6
2017-02-17;181867.35
2017-02-16;197319.15
2017-02-15;178108.35
2017-02-14;168960.75
2017-02-13;116462.85
2017-02-12;139852.65
2017-02-11;60691.05
2017-02-10;136711.05
2017-02-09;131096.7
2017-02-08;108176.25
2017-02-07;119969.85
2017-02-06;121952.25
2017-02-05;110071.5
2017-02-04;145148.85
2017-02-03;180900.3
2017-02-02;182917.35
2017-02-01;187301.1
2017-01-31;170260.65
2017-01-30;146998.95
2017-01-29;169063.65
2017-01-28;161.322
2017-01-27;177454.2
2017-01-26;171931.2
2017-01-25;194.733
2017-01-24;186051.6
2017-01-23;170.373
2017-01-22;172495.05
2017-01-21;175666.05
2017-01-20;173324.55
2017-01-19;172985.4
2017-01-18;168984.9
2017-01-17;171416.7
2017-01-16;210349.65
2017-01-15;132631.8
2017-01-14;184768.5
2017-01-13;181241.55
2017-01-12;190618.05
2017-01-11;170511.6
2017-01-10;208751.55
2017-01-09;150020.85
2017-01-08;176952.3
2017-01-07;180723.9
2017-01-06;177270.45
2017-01-05;191260.65
2017-01-04;172172.7
2017-01-03;161441.7
2017-01-02;156914.1
2017-01-01;160270.95
2016-12-31;174010.2
2016-12-30;175368.9
2016-12-29;181316.1
2016-12-28;109799.55
2016-12-27;177605.4
2016-12-26;151002.6
2016-12-25;174018.6
2016-12-24;164456.25
2016-12-23;161124.6
2016-12-22;163917.6
2016-12-21;165854.85
2016-12-20;169780.8
2016-12-19;187484.85
2016-12-18;166851.3
2016-12-17;163203.6
2016-12-16;181126.05
2016-12-15;187855.5
2016-12-14;156154.95
2016-12-13;189946.05
2016-12-12;190509.9
2016-12-11;195556.2
2016-12-10;194462.1
2016-12-09;194981.85
2016-12-08;194427.45
2016-12-07;197898.75
2016-12-06;204473.85
2016-12-05;161392.35
2016-12-04;186015.9
2016-12-03;198940.35
2016-12-02;172101.3
2016-12-01;179708.55
2016-11-30;173770.8
2016-11-29;171887.1
2016-11-28;186912.6
2016-11-27;172487.7
2016-11-26;169216.95
2016-11-25;161040.6
2016-11-24;156790.2
2016-11-23;162422.4
2016-11-22;156395.4
2016-11-21;160976.55
2016-11-20;161567.7
2016-11-19;175258.65
2016-11-18;151510.8
2016-11-17;180794.25
2016-11-16;181336.05
2016-11-15;162160.95
2016-11-14;162732.15
2016-11-13;167256.6
2016-11-12;165003.3
2016-11-11;194326.65
2016-11-10;161876.4
2016-11-09;195589.8
2016-11-08;186019.05
2016-11-07;220159.8
2016-11-06;204820.35
2016-11-05;220223.85
2016-11-04;201109.65
2016-11-03;194107.2
2016-11-02;158764.2
2016-11-01;154768.95
2016-10-31;183453.9
2016-10-30;164915.1
2016-10-29;148607.55
2016-10-28;160176.45
2016-10-27;199031.7
2016-10-26;194613.3
2016-10-25;178987.2
2016-10-24;166407.15
2016-10-23;189464.1
2016-10-22;128416.05
2016-10-21;69529.95
2016-10-20;165590.25
2016-10-19;157650.15
2016-10-18;161143.5
2016-10-17;165570.3
2016-10-16;162291.15
2016-10-15;168468.3
2016-10-14;171971.1
2016-10-13;173723.55
2016-10-12;162814.05
2016-10-11;165548.25
2016-10-10;174445.95
2016-10-09;145371.45
2016-10-08;155178.45
2016-10-07;174707.4
2016-10-06;204858.15
2016-10-05;124504.8
2016-10-04;211173.9
2016-10-03;184.842
2016-10-02;193191.6
2016-10-01;189413.7
2016-09-30;194520.9
2016-09-29;177133.95
2016-09-28;167367.9
2016-09-27;181532.4
2016-09-26;175070.7
2016-09-25;169025.85
2016-09-24;174.783
2016-09-23;187681.2
2016-09-22;161734.65
2016-09-21;176941.8
2016-09-20;219.093
2016-09-19;223134.45
2016-09-18;164026.8
2016-09-17;165281.55
2016-09-16;170894.85
2016-09-15;190388.1
2016-09-14;137099.55
2016-09-13;155991.15
2016-09-12;191621.85
2016-09-11;166703.25
2016-09-10;172553.85
2016-09-09;168112.35
2016-09-08;171148.95
2016-09-07;195.678
2016-09-06;182838.6
2016-09-05;215477.85
2016-09-04;166444.95
2016-09-03;166664.4
2016-09-02;175165.2
2016-09-01;168005.25
2016-08-31;161227.5
2016-08-30;157013.85
2016-08-29;189010.5
2016-08-28;164192.7
2016-08-27;163997.4
2016-08-26;170144.1
2016-08-25;156845.85
2016-08-24;176950.2
2016-08-23;182554.05
2016-08-22;160548.15
2016-08-21;161185.5
2016-08-20;168971.25
2016-08-19;161138.25
2016-08-18;187285.35
2016-08-17;99825.6
2016-08-16;155453.55
2016-08-15;113224.65
2016-08-14;160453.65
2016-08-13;165924.15
2016-08-12;177116.1
2016-08-11;206500.35
2016-08-10;165316.2
2016-08-09;173467.35
2016-08-08;168634.2
2016-08-07;177717.75
2016-08-06;167970.6
2016-08-05;163596.3
2016-08-04;166373.55
2016-08-03;170029.65
2016-08-02;172969.65
2016-08-01;163057.65
2016-07-31;184917.6
2016-07-30;197706.6
2016-07-29;180.705
2016-07-28;179157.3
2016-07-27;176128.05
2016-07-26;189318.15
2016-07-25;164588.55
2016-07-24;169781.85
2016-07-23;164444.7
2016-07-22;159605.25
2016-07-21;200031.3
2016-07-20;174212.85
2016-07-19;164610.6
2016-07-18;153696.9
2016-07-17;154389.9
2016-07-16;154.539
2016-07-15;172568.55
2016-07-14;166432.35
2016-07-13;161382.9
2016-07-12;167224.05
2016-07-11;190703.1
2016-07-10;141301.65
2016-07-09;162076.95
2016-07-08;167.664
2016-07-07;167740.65
2016-07-06;167608.35
2016-07-05;165799.2
2016-07-04;162295.35
2016-07-03;163082.85
2016-07-02;162706.95
2016-07-01;162323.7
2016-06-30;163594.2
2016-06-29;151993.8
2016-06-28;171.801
2016-06-27;101910.9
2016-06-26;164858.4
2016-06-25;145775.7
2016-06-24;135675.75
2016-06-23;162223.95
2016-06-22;158857.65
2016-06-21;170513.7
2016-06-20;158980.5
2016-06-19;167885.55
2016-06-18;167030.85
2016-06-17;168322.35
2016-06-16;167023.5
2016-06-15;183368.85
2016-06-14;194598.6
2016-06-13;165411.75
2016-06-12;155345.4
2016-06-11;191943.15
2016-06-10;207846.45
2016-06-09;197898.75
2016-06-08;200909.1
2016-06-07;193270.35
2016-06-06;188126.4
2016-06-05;169539.3
2016-06-04;152.649
2016-06-03;153777.75
2016-06-02;118365.45
2016-06-01;204486.45
2016-05-31;193436.25
2016-05-30;164.472
2016-05-29;165497.85
2016-05-28;161391.3
2016-05-27;161257.95
2016-05-26;174806.1
2016-05-25;165223.8
2016-05-24;164791.2
2016-05-23;172488.75
2016-05-22;136201.8
2016-05-21;158614.05
2016-05-20;148523.55
2016-05-19;138267.15
2016-05-18;153976.2
2016-05-17;168156.45
2016-05-16;160729.8
2016-05-15;169803.9
2016-05-14;162438.15
2016-05-13;156167.55
2016-05-12;189276.15
2016-05-11;149209.2
2016-05-10;155.337
2016-05-09;171373.65
2016-05-08;141083.25
2016-05-07;153114.15
2016-05-06;163.212
2016-05-05;188966.4
2016-05-04;151175.85
2016-05-03;156249.45
2016-05-02;161172.9
2016-05-01;174963.6
2016-04-30;154971.6
2016-04-29;204754.2
2016-04-28;117019.35
2016-04-27;145149.9
2016-04-26;149269.05
2016-04-25;146331.15
2016-04-24;162752.1
2016-04-23;137375.7
2016-04-22;180857.25
2016-04-21;169122.45
2016-04-20;171208.8
2016-04-19;146766.9
2016-04-18;185365.95
2016-04-17;140495.25
2016-04-16;113873.55
2016-04-15;101223.15
2016-04-14;19379.85
2016-04-13;102928.35
2016-04-12;83770.05
2016-04-11;95522.7
2016-04-10;108748.5
2016-04-09;104557.95
2016-04-08;178207.05
2016-04-07;157419.15
2016-04-06;160930.35
2016-04-05;209240.85
2016-04-04;208102.65
2016-04-03;149870.7
2016-04-02;168748.65
2016-04-01;189799.05
2016-03-31;184.842
2016-03-30;127064.7
2016-03-29;180549.6
2016-03-28;169.764
2016-03-27;169770.3
2016-03-26;195458.55
2016-03-25;171.381
2016-03-24;170559.9
2016-03-23;140630.7
2016-03-22;194689.95
2016-03-21;139322.4
2016-03-20;167112.75
2016-03-19;170227.05
2016-03-18;174817.65
2016-03-17;161798.7
2016-03-16;193141.2
2016-03-15;148548.75
2016-03-14;84474.6
2016-03-13;91148.4
2016-03-12;122419.5
2016-03-11;198861.6
2016-03-10;147604.8
2016-03-09;112893.9
2016-03-08;148355.55
2016-03-07;172437.3
2016-03-06;163340.1
2016-03-05;166185.6
2016-03-04;220156.65
2016-03-03;199741.5
2016-03-02;167133.75
2016-03-01;175338.45
2016-02-29;168162.75
2016-02-28;184896.6
2016-02-27;165373.95
2016-02-26;170630.25
2016-02-25;170097.9
2016-02-24;157280.55
2016-02-23;170899.05
2016-02-22;167174.7
2016-02-21;167059.2
2016-02-20;168603.75
2016-02-19;208398.75
2016-02-18;55589.1
2016-02-17;120187.2
2016-02-16;224579.25
2016-02-15;221262.3
2016-02-14;220370.85
2016-02-13;229881.75
2016-02-12;199713.15
2016-02-11;146842.5
2016-02-10;130287.15
2016-02-09;151.284
2016-02-08;143524.5
2016-02-07;164169.6
2016-02-06;123980.85
2016-02-05;162352.05
2016-02-04;192096.45
2016-02-03;140820.75
2016-02-02;157.395
2016-02-01;149818.2
2016-01-31;144381.3
2016-01-30;148161.3
2016-01-29;152928.3
2016-01-28;182602.35
2016-01-27;222105.45
2016-01-26;157561.95
2016-01-25;93801.75
2016-01-24;116728.5
2016-01-23;148855.35
2016-01-22;152706.75
2016-01-21;163261.35
2016-01-20;207979.8
2016-01-19;221985.75
2016-01-18;169041.6
2016-01-17;195857.55
2016-01-16;166107.9
2016-01-15;175736.4
2016-01-14;169072.05
2016-01-13;152331.9
2016-01-12;154310.1
2016-01-11;150573.15
2016-01-10;154135.8
2016-01-09;151848.9
2016-01-08;170002.35
2016-01-07;157399.2
2016-01-06;201329.1
2016-01-05;85506.75
2016-01-04;79494.45
2016-01-03;88762.8
2016-01-02;159139.05
2016-01-01;155.064
2015-12-31;154940.1
2015-12-30;153177.15
2015-12-29;156641.1
2015-12-28;121371.6
2015-12-27;175275.45
2015-12-26;164166.45
2015-12-25;172396.35
2015-12-24;157789.8
2015-12-23;187743.15
2015-12-22;169424.85
2015-12-21;237956.25
2015-12-20;225189.3
2015-12-19;176845.2
2015-12-18;189079.8
2015-12-17;173781.3
2015-12-16;180235.65
2015-12-15;178328.85
2015-12-14;211189.65
2015-12-13;144906.3
2015-12-12;175121.1
2015-12-11;166670.7
2015-12-10;176217.3
2015-12-09;175467.6
2015-12-08;176865.15
2015-12-07;174640.2
2015-12-06;171866.1
2015-12-05;161353.5
2015-12-04;157413.9
2015-12-03;181255.2
2015-12-02;144467.4
2015-12-01;189030.45
2015-11-30;163948.05
2015-11-29;177329.25
2015-11-28;205504.95
2015-11-27;216485.85
2015-11-26;230121.15
2015-11-25;171829.35
2015-11-24;171768.45
2015-11-23;186.207
2015-11-22;163592.1
2015-11-21;159743.85
2015-11-20;161188.65
2015-11-19;166539.45
2015-11-18;174229.65
2015-11-17;187315.8
2015-11-16;165113.55
2015-11-15;179961.6
2015-11-14;160552.35
2015-11-13;162572.55
2015-11-12;159299.7
2015-11-11;181156.5
2015-11-10;169599.15
2015-11-09;192348.45
2015-11-08;177246.3
2015-11-07;170717.4
2015-11-06;171110.1
2015-11-05;190668.45
2015-11-04;210664.65
2015-11-03;155302.35
2015-11-02;156254.7
2015-11-01;161984.55
2015-10-31;156814.35
2015-10-30;167774.25
2015-10-29;181408.5
2015-10-28;166733.7
2015-10-27;177178.05
2015-10-26;171582.6
2015-10-25;152012.7
2015-10-24;161171.85
2015-10-23;139899.9
2015-10-22;156690.45
2015-10-21;113503.95
2015-10-20;188015.1
2015-10-19;158430.3
2015-10-18;159838.35
2015-10-17;167045.55
2015-10-16;163560.6
2015-10-15;191545.2
2015-10-14;177084.6
2015-10-13;171006.15
2015-10-12;163918.65
2015-10-11;173050.5
2015-10-10;167795.25
2015-10-09;205959.6
2015-10-08;234278.1
2015-10-07;232921.5
2015-10-06;145433.4
2015-10-05;166248.6
2015-10-04;158509.05
2015-10-03;162175.65
2015-10-02;161740.95
2015-10-01;175007.7
2015-09-30;159532.8
2015-09-29;157384.5
2015-09-28;156.051
2015-09-27;193730.25
2015-09-26;158556.3
2015-09-25;152.775
2015-09-24;152065.2
2015-09-23;158205.6
2015-09-22;127114.05
2015-09-21;157159.8
2015-09-20;214593.75
2015-09-19;157319.4
2015-09-18;157552.5
2015-09-17;159583.2
2015-09-16;150456.6
2015-09-15;146571.6
2015-09-14;193183.2
2015-09-13;154831.95
2015-09-12;153622.35
2015-09-11;195648.6
2015-09-10;170634.45
2015-09-09;165935.7
2015-09-08;188255.55
2015-09-07;165608.1
2015-09-06;165701.55
2015-09-05;160950.3
2015-09-04;165415.95
2015-09-03;217092.75
2015-09-02;226707.6
2015-09-01;233894.85
2015-08-31;213326.4
2015-08-30;208925.85
2015-08-29;169067.85
2015-08-28;170552.55
2015-08-27;154946.4
2015-08-26;156797.55
2015-08-25;176809.5
2015-08-24;168092.4
2015-08-23;172548.6
2015-08-22;180869.85
2015-08-21;216018.6
2015-08-20;204402.45
2015-08-19;98152.95
2015-08-18;186579.75
2015-08-17;178757.25
2015-08-16;197681.4
2015-08-15;173.313
2015-08-14;168639.45
2015-08-13;185053.05
2015-08-12;178810.8
2015-08-11;173661.6
2015-08-10;175970.55
2015-08-09;158876.55
2015-08-08;202415.85
2015-08-07;169527.75
2015-08-06;180698.7
2015-08-05;109810.05
2015-08-04;211493.1
2015-08-03;168676.2
2015-08-02;163182.6
2015-08-01;172447.8
2015-07-31;168368.55
2015-07-30;84489.3
2015-07-29;124682.25
2015-07-28;115379.25
2015-07-27;135001.65
2015-07-26;226122.75
2015-07-25;186736.2
2015-07-24;173.250
2015-07-23;120334.2
2015-07-22;157273.2
2015-07-21;166473.3
2015-07-20;159675.6
2015-07-19;162709.05
2015-07-18;177409.05
2015-07-17;186570.3
2015-07-16;191476.95
2015-07-15;156798.6
2015-07-14;177463.65
2015-07-13;173673.15
2015-07-12;171536.4
2015-07-11;172190.55
2015-07-10;182377.65
2015-07-09;210341.25
2015-07-08;178938.9
2015-07-07;164737.65
2015-07-06;177568.65
2015-07-05;163647.75
2015-07-04;171082.8
2015-07-03;165693.15
2015-07-02;181878.9
2015-07-01;175668.15
2015-06-30;186357.15
2015-06-29;174546.75
2015-06-28;178126.2
2015-06-27;171215.1
2015-06-26;206167.5
2015-06-25;194411.7
2015-06-24;194802.3
2015-06-23;191034.9
2015-06-22;180050.85
2015-06-21;178144.05
2015-06-20;176453.55
2015-06-19;172418.4
2015-06-18;148.722
2015-06-17;96450.9
2015-06-16;92034.6
2015-06-15;103035.45
2015-06-14;191087.4
2015-06-13;167676.6
2015-06-12;174135.15
2015-06-11;175159.95
2015-06-10;164721.9
2015-06-09;167323.8
2015-06-08;175724.85
2015-06-07;216882.75
2015-06-06;207050.55
2015-06-05;176079.75
2015-06-04;172737.6
2015-06-03;166647.6
2015-06-02;139177.5
2015-06-01;126330.75
2015-05-31;150261.3
2015-05-30;190115.1
2015-05-29;185310.3
2015-05-28;143245.2
2015-05-27;197943.9
2015-05-26;177214.8
2015-05-25;163079.7
2015-05-24;176010.45
2015-05-23;185046.75
2015-05-22;204607.2
2015-05-21;182285.25
2015-05-20;104794.2
2015-05-19;115053.75
2015-05-18;173243.7
2015-05-17;168465.15
2015-05-16;151412.1
2015-05-15;156430.05
2015-05-14;197123.85
2015-05-13;200429.25
2015-05-12;120958.95
2015-05-11;170929.5
2015-05-10;161416.5
2015-05-09;160044.15
2015-05-08;184890.3
2015-05-07;191304.75
2015-05-06;152621.7
2015-05-05;155713.95
2015-05-04;188656.65
2015-05-03;103993.05
2015-05-02;175757.4
2015-05-01;152779.2
2015-04-30;149816.1
2015-04-29;172235.7
2015-04-28;158394.6
2015-04-27;165946.2
2015-04-26;150043.95
2015-04-25;163053.45
2015-04-24;187170.9
2015-04-23;116784.15
2015-04-22;183114.75
2015-04-21;151951.8
2015-04-20;167966.4
2015-04-19;156984.45
2015-04-18;154.602
2015-04-17;168368.55
2015-04-16;191427.6
2015-04-15;130224.15
2015-04-14;164.556
2015-04-13;167018.25
2015-04-12;176580.6
2015-04-11;162031.8
2015-04-10;164978.1
2015-04-09;159552.75
2015-04-08;163454.55
2015-04-07;167702.85
2015-04-06;164197.95
2015-04-05;166750.5
2015-04-04;157288.95
2015-04-03;183508.5
2015-04-02;163474.5
2015-04-01;160238.4
2015-03-31;176537.55
2015-03-30;175033.95
2015-03-29;188220.9
2015-03-28;165259.5
2015-03-27;167439.3
2015-03-26;165406.5
2015-03-25;167124.3
2015-03-24;192631.95
2015-03-23;190475.25
2015-03-22;203353.5
2015-03-21;198991.8
2015-03-20;200357.85
2015-03-19;176894.55
2015-03-18;174133.05
2015-03-17;200260.2
2015-03-16;100381.05
2015-03-15;177.639
2015-03-14;169457.4
2015-03-13;147173.25
2015-03-12;177927.75
2015-03-11;177640.05
2015-03-10;195668.55
2015-03-09;174227.55
2015-03-08;185476.2
2015-03-07;178988.25
2015-03-06;178997.7
2015-03-05;206735.55
2015-03-04;200162.55
2015-03-03;194611.2
2015-03-02;180796.35
2015-03-01;173725.65
2015-02-28;149114.7
2015-02-27;172009.95
2015-02-26;138717.6
2015-02-25;130576.95
2015-02-24;158387.25
2015-02-23;158387.25
2015-02-22;155467.2
2015-02-21;151868.85
2015-02-20;186180.75
2015-02-19;172576.95
2015-02-18;167389.95
2015-02-17;174284.25
2015-02-16;171374.7
2015-02-15;151414.2
2015-02-14;159671.4
2015-02-13;187855.5
2015-02-12;203451.15
2015-02-11;185167.5
2015-02-10;150956.4
2015-02-09;158981.55
2015-02-08;157199.7
2015-02-07;154049.7
2015-02-06;156829.05
2015-02-05;202066.2
2015-02-04;235198.95
2015-02-03;196974.75
2015-02-02;213922.8
2015-02-01;58.275
2015-01-31;155537.55
2015-01-30;209394.15
2015-01-29;203541.45
2015-01-28;145616.1
2015-01-27;209570.55
2015-01-26;173142.9
2015-01-25;187801.95
2015-01-24;160894.65
2015-01-23;145347.3
2015-01-22;170581.95
2015-01-21;198076.2
2015-01-20;216400.8
2015-01-19;189301.35
2015-01-18;196607.25
2015-01-17;208910.1
2015-01-16;217489.65
2015-01-15;223347.6
2015-01-14;190444.8
2015-01-13;121888.2
2015-01-12;207578.7
2015-01-11;173.943
2015-01-10;165095.7
2015-01-09;174086.85
2015-01-08;165516.75
2015-01-07;158233.95
2015-01-06;183212.4
2015-01-05;169288.35
2015-01-04;171278.1
2015-01-03;206998.05
2015-01-02;178035.9
2015-01-01;166364.1
2014-12-31;173786.55
2014-12-30;192284.4
2014-12-29;189552.3
2014-12-28;193.956
2014-12-27;181664.7
2014-12-26;194840.1
2014-12-25;215260.5
2014-12-24;164800.65
2014-12-23;164679.9
2014-12-22;209713.35
2014-12-21;200070.15
2014-12-20;181403.25
2014-12-19;186751.95
2014-12-18;245503.65
2014-12-17;236316.15
2014-12-16;101154.9
2014-12-15;159604.2
2014-12-14;174353.55
2014-12-13;193897.2
2014-12-12;184647.75
2014-12-11;187283.25
2014-12-10;174463.8
2014-12-09;184667.7
2014-12-08;209631.45
2014-12-07;193741.8
2014-12-06;171736.95
2014-12-05;176431.5
2014-12-04;233187.15
2014-12-03;218864.1
2014-12-02;164440.5
2014-12-01;178787.7
2014-11-30;195.090
2014-11-29;170122.05
2014-11-28;179208.75
2014-11-27;182782.95
2014-11-26;175587.3
2014-11-25;189182.7
2014-11-24;204105.3
2014-11-23;179.361
2014-11-22;166643.4
2014-11-21;170548.35
2014-11-20;167353.2
2014-11-19;170367.75
2014-11-18;173203.8
2014-11-17;175616.7
2014-11-16;189538.65
2014-11-15;178423.35
2014-11-14;177966.6
2014-11-13;181648.95
2014-11-12;163624.65
2014-11-11;180175.8
2014-11-10;216217.05
2014-11-09;194508.3
2014-11-08;208544.7
2014-11-07;221555.25
2014-11-06;208015.5
2014-11-05;117907.65
2014-11-04;87505.95
2014-11-03;141438.15
2014-11-02;221497.5
2014-11-01;236017.95
2014-10-31;112261.8
2014-10-30;110591.25
2014-10-29;112302.75
2014-10-28;88359.6
2014-10-27;80869.95
2014-10-26;96612.6
2014-10-25;218187.9
2014-10-24;116952.15
2014-10-23;226.590
2014-10-22;252829.5
2014-10-21;252618.45
2014-10-20;253337.7
2014-10-19;248768.1
2014-10-18;226447.2
2014-10-17;191803.5
2014-10-16;177298.8
2014-10-15;181112.4
2014-10-14;186801.3
2014-10-13;192379.95
2014-10-12;183021.3
2014-10-11;162530.55
2014-10-10;186295.2
2014-10-09;177976.05
2014-10-08;171867.15
2014-10-07;198048.9
2014-10-06;152322.45
2014-10-05;176409.45
2014-10-04;159.159
2014-10-03;168737.1
2014-10-02;175416.15
2014-10-01;176460.9
2014-09-30;218.463
2014-09-29;57956.85
2014-09-28;179887.05
2014-09-27;168450.45
2014-09-26;170455.95
2014-09-25;183110.55
2014-09-24;175928.55
2014-09-23;171160.5
2014-09-22;180786.9
2014-09-21;221191.95
2014-09-20;208549.95
2014-09-19;210779.1
2014-09-18;187431.3
2014-09-17;159933.9
2014-09-16;153746.25
2014-09-15;161059.5
2014-09-14;167467.65
2014-09-13;177938.25
2014-09-12;167543.25
2014-09-11;150334.8
2014-09-10;176262.45
2014-09-09;149494.8
2014-09-08;176430.45
2014-09-07;169330.35
2014-09-06;166522.65
2014-09-05;168555.45
2014-09-04;185420.55
2014-09-03;173243.7
2014-09-02;182497.35
2014-09-01;129826.2
2014-08-31;174495.3
2014-08-30;190671.6
2014-08-29;233.247
2014-08-28;203766.15
2014-08-27;192978.45
2014-08-26;178572.45
2014-08-25;125017.2
2014-08-24;242203.5
2014-08-23;192875.55
2014-08-22;221153.1
2014-08-21;206602.2
2014-08-20;205580.55
2014-08-19;203754.6
2014-08-18;165355.05
2014-08-17;162762.6
2014-08-16;196891.8
2014-08-15;149755.2
2014-08-14;165244.8
2014-08-13;149868.6
2014-08-12;154124.25
2014-08-11;191588.25
2014-08-10;135755.55
2014-08-09;123806.55
2014-08-08;176121.75
2014-08-07;170449.65
2014-08-06;200275.95
2014-08-05;174427.05
2014-08-04;189522.9
2014-08-03;167658.75
2014-08-02;178902.15
2014-08-01;160753.95
2014-07-31;58420.95
2014-07-30;176874.6
2014-07-29;185944.5
2014-07-28;179140.5
2014-07-27;187724.25
2014-07-26;174527.85
2014-07-25;215823.3
2014-07-24;209491.8
2014-07-23;230064.45
2014-07-22;218469.3
2014-07-21;169213.8
2014-07-20;170851.8
2014-07-19;168889.35
2014-07-18;170900.1
2014-07-17;179586.75
2014-07-16;173584.95
2014-07-15;170041.2
2014-07-14;178460.1
2014-07-13;168579.6
2014-07-12;167512.8
2014-07-11;169077.3
2014-07-10;169328.25
2014-07-09;178774.05
2014-07-08;182684.25
2014-07-07;167679.75
2014-07-06;167294.4
2014-07-05;159041.4
2014-07-04;158731.65
2014-07-03;154121.1
2014-07-02;192582.6
2014-07-01;170127.3
2014-06-30;181055.7
2014-06-29;189459.9
2014-06-28;192356.85
2014-06-27;196903.35
2014-06-26;195.720
2014-06-25;171120.6
2014-06-24;165805.5
2014-06-23;190852.2
2014-06-22;209786.85
2014-06-21;189.567
2014-06-20;208828.2
2014-06-19;152541.9
2014-06-18;197516.55
2014-06-17;138025.65
2014-06-16;184475.55
2014-06-15;150585.75
2014-06-14;163385.25
2014-06-13;163441.95
2014-06-12;171061.8
2014-06-11;168142.8
2014-06-10;173280.45
2014-06-09;184605.75
2014-06-08;170244.9
2014-06-07;166308.45
2014-06-06;129157.35
2014-06-05;165.879
2014-06-04;221966.85
2014-06-03;241126.2
2014-06-02;176122.8
2014-06-01;159689.25
2014-05-31;169657.95
2014-05-30;173498.85
2014-05-29;177676.8
2014-05-28;170535.75
2014-05-27;147495.6
2014-05-26;201471.9
2014-05-25;191832.9
2014-05-24;182840.7
2014-05-23;217.329
2014-05-22;174795.6
2014-05-21;192890.25
2014-05-20;197814.75
2014-05-19;211647.45
2014-05-18;185027.85
2014-05-17;194450.55
2014-05-16;198787.05
2014-05-15;210161.7
2014-05-14;120685.95
2014-05-13;137982.6
2014-05-12;198102.45
2014-05-11;234921.75
2014-05-10;140303.1
2014-05-09;193155.9
2014-05-08;165746.7
2014-05-07;167806.8
2014-05-06;171752.7
2014-05-05;160499.85
2014-05-04;170560.95
2014-05-03;176938.65
2014-05-02;131570.25
2014-05-01;179385.15
2014-04-30;162238.65
2014-04-29;170555.7
2014-04-28;207596.55
2014-04-27;182626.5
2014-04-26;167899.2
2014-04-25;212997.75
2014-04-24;241692.15
2014-04-23;107749.95
2014-04-22;154582.05
2014-04-21;110633.25
2014-04-20;206993.85
2014-04-19;172802.7
2014-04-18;171355.8
2014-04-17;166832.4
2014-04-16;175020.3
2014-04-15;157846.5
2014-04-14;191854.95
2014-04-13;184706.55
2014-04-12;161845.95
2014-04-11;166439.7
2014-04-10;173214.3
2014-04-09;191359.35
2014-04-08;205136.4
2014-04-07;182396.55
2014-04-06;204268.05
2014-04-05;163804.2
2014-04-04;174988.8
2014-04-03;176764.35
2014-04-02;147228.9
2014-04-01;160820.1
2014-03-31;170357.25
2014-03-30;167943.3
2014-03-29;148731.45
2014-03-28;193889.85
2014-03-27;214795.35
2014-03-26;180089.7
2014-03-25;198201.15
2014-03-24;159205.2
2014-03-23;172265.1
2014-03-22;172098.15
2014-03-21;166481.7
2014-03-20;177547.65
2014-03-19;180007.8
2014-03-18;168593.25
2014-03-17;173531.4
2014-03-16;149359.35
2014-03-15;149726.85
2014-03-14;146584.2
2014-03-11;200566.8
2014-03-12;146987.4
2014-03-11;134223.6
2014-03-10;120717.45
2014-03-09;126496.65
2014-03-08;141890.7
2014-03-07;191617.65
2014-03-06;176143.8
2014-03-05;226458.75
2014-03-04;228683.7
2014-03-03;226430.4
2014-03-02;180025.65
2014-03-01;172231.5
2014-02-28;208539.45
2014-02-27;215020.05
2014-02-26;200015.55
2014-02-25;200652.9
2014-02-24;138931.8
2014-02-23;198238.95
2014-02-22;186030.6
2014-02-21;183052.8
2014-02-20;82568.85
2014-02-19;177966.6
2014-02-18;183899.1
2014-02-17;181558.65
2014-02-16;203548.8
2014-02-15;207611.25
2014-02-14;132736.8
2014-02-13;180897.15
2014-02-12;156805.95
2014-02-11;236356.05
2014-02-10;218104.95
2014-02-09;189535.5
2014-02-08;191522.1
2014-02-07;203165.55
2014-02-06;213175.2
2014-02-05;197041.95
2014-02-04;162565.2
2014-02-03;85.848
2014-02-02;86353.05
2014-02-01;171582.6
2014-01-31;148644.3
2014-01-30;128643.9
2014-01-29;163177.35
2014-01-28;196143.15
2014-01-27;155612.1
2014-01-26;157.647
2014-01-25;159150.6
2014-01-24;153406.05
2014-01-23;186349.8
2014-01-22;157912.65
2014-01-17;172764.9
2014-01-20;173790.75
2014-01-19;174597.15
2014-01-18;175.245
2014-01-17;185482.5
2014-01-16;206646.3
2014-01-15;182440.65
2014-01-14;173280.45
2014-01-13;198336.6
2014-01-12;211271.55
2014-01-11;173864.25
2014-01-10;201266.1
2014-01-09;190807.05
2014-01-08;178837.05
2014-01-07;181213.2
2014-01-06;170109.45
2014-01-05;182065.8
2014-01-04;165802.35
2014-01-03;170854.95
2014-01-02;185734.5
2014-01-01;171321.15
2013-12-31;167977.95
2013-12-30;165766.65
2013-12-29;168980.7
2013-12-28;157636.5
2013-12-27;119544.6
2013-12-26;144151.35
2013-12-25;158716.95
2013-12-24;162353.1
2013-12-23;168123.9
2013-12-22;194703.6
2013-12-21;191193.45
2013-12-20;194849.55
2013-12-19;118459.95
2013-12-18;209030.85
2013-12-17;186509.4
2013-12-16;216119.4
2013-12-15;230808.9
2013-12-14;249425.4
2013-12-13;186023.25
2013-12-12;182823.9
2013-12-11;182898.45
2013-12-10;163515.45
2013-12-09;171.318
2013-12-08;185508.75
2013-12-07;152245.8
2013-12-06;154583.1
2013-12-05;152030.55
2013-12-04;169945.65
2013-12-03;171259.2
2013-12-02;175713.3
2013-12-01;169571.85
2013-11-30;180867.75
2013-11-29;185791.2
2013-11-28;209001.45
2013-11-27;201475.05
2013-11-26;179233.95
2013-11-25;195265.35
2013-11-24;186546.15
2013-11-23;187454.4
2013-11-22;92721.3
2013-11-21;32534.25
2013-11-20;000
2013-11-19;000
2013-11-18;1902.6
2013-11-17;99994.65
2013-11-16;199588.2
2013-11-15;214569.6
2013-11-14;125105.4
2013-11-13;151671.45
2013-11-12;154.476
2013-11-11;172869.9
2013-11-10;149308.95
2013-11-09;120677.55
2013-11-08;102747.75
2013-11-07;213850.35
2013-11-06;191443.35
2013-11-05;164773.35
2013-11-04;181730.85
2013-11-03;162378.3
2013-11-02;175813.05
2013-11-01;186497.85
2013-10-31;165266.85
2013-10-30;212595.6
2013-10-29;169123.5
2013-10-28;193713.45
2013-10-27;209508.6
2013-10-26;169468.95
2013-10-25;205226.7
2013-10-24;203147.7
2013-10-23;203933.1
2013-10-22;170859.15
2013-10-21;168967.05
2013-10-20;167230.35
2013-10-19;163857.75
2013-10-18;191389.8
2013-10-17;211683.15
2013-10-16;197514.45
2013-10-15;177800.7
2013-10-14;196697.55
2013-10-13;189764.4
2013-10-12;154521.15
2013-10-11;181393.8
2013-10-10;192845.1
2013-10-09;228519.9
2013-10-08;178896.9
2013-10-07;145218.15
2013-10-06;169171.8
2013-10-05;195462.75
2013-10-04;209698.65
2013-10-03;190850.1
2013-10-02;146310.15
2013-10-01;121091.25
2013-09-30;131602.8
2013-09-29;174056.4
2013-09-28;170979.9
2013-09-27;133950.6
2013-09-26;86419.2
2013-09-25;121299.15
2013-09-24;170702.7
2013-09-23;165306.75
2013-09-22;161077.35
2013-09-21;169839.6
2013-09-20;210455.7
2013-09-19;184330.65
2013-09-18;173199.6
2013-09-17;167882.4
2013-09-16;175880.25
2013-09-15;175448.7
2013-09-14;148754.55
2013-09-13;187001.85
2013-09-12;149676.45
2013-09-11;183901.2
2013-09-10;177319.8
2013-09-09;188122.2
2013-09-08;168765.45
2013-09-07;167442.45
2013-09-06;179333.7
2013-09-05;163888.2
2013-09-04;234517.5
2013-09-03;228516.75
2013-09-02;210934.5
2013-09-01;170584.05
2013-08-31;178018.05
2013-08-30;178117.8
2013-08-29;193259.85
2013-08-28;198802.8
2013-08-27;143162.25
2013-08-26;214628.4
2013-08-25;229014.45
2013-08-24;209324.85
2013-08-23;216585.6
2013-08-22;217804.65
2013-08-21;171100.65
2013-08-20;170291.1
2013-08-19;171243.45
2013-08-18;179506.95
2013-08-17;181768.65
2013-08-16;200788.35
2013-08-15;169875.3
2013-08-13;170975.7
2013-08-13;176593.2
2013-08-12;177736.65
2013-08-11;165320.4
2013-08-10;173589.15
2013-08-09;250987.8
2013-08-08;194143.95
2013-08-07;228959.85
2013-08-06;242905.95
2013-08-05;219977.1
2013-08-04;184577.4
2013-08-03;163897.65
2013-08-02;216251.7
2013-08-01;226405.2
2013-07-31;234573.15
2013-07-30;236658.45
2013-07-29;196093.8
2013-07-28;186951.45
2013-07-27;178222.8
2013-07-26;186722.55
2013-07-25;207781.35
2013-07-24;185692.5
2013-07-23;201922.35
2013-07-22;176635.2
2013-07-21;146382.6
2013-07-20;155511.3
2013-07-19;145674.9
2013-07-18;188912.85
2013-07-17;226999.5
2013-07-16;153956.25
2013-07-15;119061.6
2013-07-14;159889.8
2013-07-13;165.648
2013-07-12;214282.95
2013-07-11;209778.45
2013-07-10;142649.85
2013-07-09;150824.1
2013-07-08;215957.7
2013-07-07;118021.05
2013-07-06;171386.25
2013-07-05;175502.25
2013-07-04;238001.4
2013-07-03;223784.4
2013-07-02;240467.85
2013-07-01;202.566
2013-06-30;170998.8
2013-06-29;166859.7
2013-06-28;170086.35
2013-06-27;174084.75
2013-06-26;179610.9
2013-06-25;190536.15
2013-06-24;186062.1
2013-06-23;171732.75
2013-06-22;172079.25
2013-06-21;222034.05
2013-06-18;214690.35
2013-06-19;217738.5
2013-06-18;208619.25
2013-06-17;179561.55
2013-06-16;177390.15
2013-06-15;215441.1
2013-06-14;188.370
2013-06-13;182161.35
2013-06-12;177751.35
2013-06-11;196788.9
2013-06-10;185015.25
2013-06-09;175589.4
2013-06-08;174773.55
2013-06-07;170586.15
2013-06-06;171593.1
2013-06-05;187688.55
2013-06-04;193067.7
2013-06-03;101455.2
2013-06-02;177922.5
2013-06-01;191925.3
2013-05-31;202199.55
2013-05-30;179615.1
2013-05-29;193861.5
2013-05-28;181342.35
2013-05-27;210677.25
2013-05-26;156.996
2013-05-25;209126.4
2013-05-24;157260.6
2013-05-23;170329.95
2013-05-22;190817.55
2013-05-21;185840.55
2013-05-20;135.345
2013-05-19;158.550
2013-05-18;169.575
2013-05-17;165.585
2013-05-16;165.900
2013-05-15;155014.65
2013-05-14;145017.6
2013-05-13;175000.35
2013-05-12;215804.4
2013-05-11;194801.25
2013-05-10;154.959
2013-05-09;168927.15
2013-05-08;197433.6
2013-05-07;187496.4
2013-05-06;213498.6
2013-05-05;224407.05
2013-05-04;195.909
2013-05-03;182827.05
2013-05-02;139993.35
2013-05-01;185570.7
2013-04-30;182362.95
2013-04-29;159248.25
2013-04-28;160893.6
2013-04-27;166188.75
2013-04-26;205221.45
2013-04-25;206920.35
2013-04-24;208450.2
2013-04-23;166042.8
2013-04-22;165399.15
2013-04-21;153558.3
2013-04-20;148792.35
2013-04-19;158407.2
2013-04-18;161996.1
2013-04-17;131821.2
2013-04-16;102.774
2013-04-15;176128.05
2013-04-14;197023.05
2013-04-13;163429.35
2013-04-12;163.779
2013-04-11;173284.65
2013-04-10;155261.4
2013-04-09;168200.55
2013-04-08;187579.35
2013-04-07;163272.9
2013-04-06;160095.6
2013-04-05;129449.25
2013-04-04;172877.25
2013-04-03;179157.3
2013-04-02;178666.95
2013-04-01;221614.05
2013-03-31;204212.4
2013-03-30;161734.65
2013-03-29;156646.35
2013-03-28;155237.25
2013-03-27;153612.9
2013-03-26;151145.4
2013-03-25;168851.55
2013-03-24;145053.3
2013-03-23;172428.9
2013-03-22;139278.3
2013-03-21;107599.8
2013-03-20;160069.35
2013-03-19;184216.2
2013-03-18;153834.45
2013-03-17;156658.95
2013-03-16;145023.9
2013-03-15;191719.5
2013-03-14;172748.1
2013-03-13;154311.15
2013-03-12;150724.35
2013-03-11;181535.55
2013-03-10;173.313
2013-03-09;173214.3
2013-03-08;213495.45
2013-03-07;195036.45
2013-03-06;214848.9
2013-03-05;137032.35
2013-03-04;152.943
2013-03-03;158392.5
2013-03-02;157978.8
2013-03-01;164977.05
2013-02-28;148243.2
2013-02-27;149544.15
2013-02-26;142370.55
2013-02-25;143232.6
2013-02-24;169732.5
2013-02-23;162934.8
2013-02-22;158878.65
2013-02-21;156372.3
2013-02-20;147502.95
2013-02-19;173555.55
2013-02-18;174681.15
2013-02-17;167231.4
2013-02-16;170713.2
2013-02-15;179.319
2013-02-14;195567.75
2013-02-13;179663.4
2013-02-12;175390.95
2013-02-11;181348.65
2013-02-10;168872.55
2013-02-09;161891.1
2013-02-08;151.809
2013-02-07;96278.7
2013-02-06;175957.95
2013-02-05;146679.75
2013-02-04;172234.65
2013-02-03;170749.95
2013-02-02;169774.5
2013-02-01;208218.15
2013-01-31;202247.85
2013-01-30;197353.8
2013-01-29;167724.9
2013-01-28;154048.65
2013-01-27;157315.2
2013-01-26;157781.4
2013-01-25;160302.45
2013-01-24;173805.45
2013-01-23;196779.45
2013-01-22;147557.55
2013-01-21;162415.05
2013-01-20;161649.6
2013-01-19;159708.15
2013-01-18;144274.2
2013-01-17;104238.75
2013-01-16;109932.9
2013-01-15;167455.05
2013-01-14;133511.7
2013-01-13;157134.6
2013-01-12;139563.9
2013-01-11;145473.3
2013-01-10;122.535
2013-01-09;168737.1
2013-01-08;165241.65
2013-01-07;178669.05
2013-01-06;170325.75
2013-01-05;168456.75
2013-01-04;169372.35
2013-01-03;183740.55
2013-01-02;138036.15
2013-01-01;159072.9
2012-12-31;146002.5
2012-12-30;148279.95
2012-12-29;155308.65
2012-12-28;135927.75
2012-12-27;170254.35
2012-12-26;146901.3
2012-12-25;139025.25
2012-12-24;133187.25
2012-12-23;135148.65
2012-12-22;140015.4
2012-12-21;136645.95
2012-12-20;155.358
2012-12-19;147413.7
2012-12-18;193858.35
2012-12-17;184813.65
2012-12-16;201846.75
2012-12-15;165351.9
2012-12-14;164250.45
2012-12-13;147263.55
2012-12-12;136637.55
2012-12-11;96309.15
2012-12-10;146570.55
2012-12-09;154823.55
2012-12-08;146499.15
2012-12-06;148738.8
2012-12-06;164632.65
2012-12-05;163461.9
2012-12-04;133283.85
2012-12-03;165918.9
2012-12-02;145812.45
2012-12-01;132377.7
2012-11-30;153704.25
2012-11-29;164015.25
2012-11-28;189437.85
2012-11-27;182013.3
2012-11-26;159580.05
2012-11-25;141660.75
2012-11-24;162369.9
2012-11-23;162312.15
2012-11-22;195202.35
2012-11-21;204196.65
2012-11-20;166793.55
2012-11-19;153479.55
2012-11-18;126801.15
2012-11-17;165594.45
2012-11-16;169004.85
2012-11-15;163992.15
2012-11-14;158840.85
2012-11-13;170300.55
2012-11-12;176057.7
2012-11-11;141008.7
2012-11-10;153873.3
2012-11-09;154.308
2012-11-08;155864.1
2012-11-07;124350.45
2012-11-06;154226.1
2012-11-05;147498.75
2012-11-04;150020.85
2012-11-03;161123.55
2012-11-02;132332.55
2012-11-01;149009.7
2012-10-31;118253.1
2012-10-30;119562.45
2012-10-29;23890.65
2012-10-28;58214.1
2012-10-27;194141.85
2012-10-26;242252.85
2012-10-25;81348.75
2012-10-24;174087.9
2012-10-23;146003.55
2012-10-22;149459.1
2012-10-21;162808.8
2012-10-20;155983.8
2012-10-19;191328.9
2012-10-18;172040.4
2012-10-17;159922.35
2012-10-16;142308.6
2012-10-15;163899.75
2012-10-14;166317.9
2012-10-13;123576.6
2012-10-12;217589.4
2012-10-11;237406.05
2012-10-10;239097.6
2012-10-09;175674.45
2012-10-08;145606.65
2012-10-07;139676.25
2012-10-06;162285.9
2012-10-05;113499.75
2012-10-04;208419.75
2012-10-03;238528.5
2012-10-02;227352.3
2012-10-01;159170.55
2012-09-30;103732.65
2012-09-29;154872.9
2012-09-28;142459.8
2012-09-27;136968.3
2012-09-26;150315.9
2012-09-25;169940.4
2012-09-24;168.399
2012-09-23;152.355
2012-09-22;173530.35
2012-09-21;176354.85
2012-09-20;149567.25
2012-09-19;155494.5
2012-09-18;202512.45
2012-09-17;172550.7
2012-09-16;133890.75
2012-09-15;159652.5
2012-09-14;205512.3
2012-09-13;154851.9
2012-09-12;167973.75
2012-09-11;176311.8
2012-09-10;174873.3
2012-09-09;155516.55
2012-09-08;153569.85
2012-09-07;149395.05
2012-09-06;162956.85
2012-09-05;156433.2
2012-09-04;164428.95
2012-09-03;168493.5
2012-09-02;111928.95
2012-09-01;155650.95
2012-08-31;157459.05
2012-08-30;156676.8
2012-08-29;152541.9
2012-08-28;161350.35
2012-08-27;166598.25
2012-08-26;183785.7
2012-08-25;165681.6
2012-08-24;162046.5
2012-08-23;155703.45
2012-08-22;171.633
2012-08-21;167877.15
2012-08-20;176215.2
2012-08-19;159632.55
2012-08-18;175275.45
2012-08-17;179656.05
2012-08-16;243067.65
2012-08-15;216374.55
2012-08-14;169318.8
2012-08-13;166785.15
2012-08-12;160154.4
2012-08-11;162265.95
2012-08-10;167208.3
2012-08-09;157204.95
2012-08-08;160424.25
2012-08-07;165469.5
2012-08-06;179483.85
2012-08-05;197167.95
2012-08-04;166669.65
2012-08-03;176183.7
2012-08-02;178390.8
2012-08-01;240529.8
2012-07-31;227967.6
2012-07-30;215579.7
2012-07-29;230322.75
2012-07-28;215105.1
2012-07-27;208720.05
2012-07-26;207442.2
2012-07-25;173293.05
2012-07-24;167775.3
2012-07-23;112744.8
2012-07-22;167023.5
2012-07-21;158838.75
2012-07-20;197015.7
2012-07-19;195307.35
2012-07-18;172086.6
2012-07-17;172836.3
2012-07-16;183867.6
2012-07-15;171540.6
2012-07-14;159103.35
2012-07-13;152047.35
2012-07-12;157987.2
2012-07-11;217508.55
2012-07-10;113006.25
2012-07-09;157593.45
2012-07-08;167992.65
2012-07-07;168250.95
2012-07-06;169526.7
2012-07-05;203694.75
2012-07-04;203877.45
2012-07-03;173.292
2012-07-02;91676.55
2012-07-01;165433.8
2012-06-30;186817.05
2012-06-29;164831.1
2012-06-28;168949.2
2012-06-27;168686.7
2012-06-26;164331.3
2012-06-25;104560.05
2012-06-24;90726.3
2012-06-23;115467.45
2012-06-22;189.840
2012-06-21;124051.2
2012-06-20;184789.5
2012-06-19;195298.95
2012-06-18;192584.7
2012-06-17;154786.8
2012-06-16;169353.45
2012-06-15;175696.5
2012-06-14;194.943
2012-06-13;184411.5
2012-06-12;174107.85
2012-06-11;176826.3
2012-06-10;165922.05
2012-06-09;167044.5
2012-06-08;155261.4
2012-06-07;169996.05
2012-06-06;204693.3
2012-06-05;181991.25
2012-06-04;152677.35
2012-06-03;98669.55
2012-06-02;113162.7
2012-06-01;101.535
2012-05-31;8814.75
2012-05-30;672
2012-05-29;000
2012-05-28;8.610
2012-05-27;117787.95
2012-05-26;156.597
2012-05-25;159862.5
2012-05-24;176738.1
2012-05-23;162616.65
2012-05-22;157642.8
2012-05-21;188730.15
2012-05-20;194951.4
2012-05-19;185236.8
2012-05-18;177295.65
2012-05-17;132807.15
2012-05-16;167722.8
2012-05-15;173868.45
2012-05-14;146022.45
2012-05-13;112368.9
2012-05-12;173332.95
2012-05-11;183365.7
2012-05-10;181219.5
2012-05-09;179439.75
2012-05-08;186930.45
2012-05-07;183202.95
2012-05-06;178339.35
2012-05-05;107245.95
2012-05-04;190381.8
2012-05-03;83574.75
2012-05-02;199937.85
2012-05-01;196309.05
2012-04-30;163993.2
2012-04-29;163362.15
2012-04-28;166208.7
2012-04-27;166942.65
2012-04-26;176705.55
2012-04-25;198355.5
2012-04-24;153323.1
2012-04-23;202365.45
2012-04-22;174827.1
2012-04-21;171735.9
2012-04-20;171745.35
2012-04-19;192641.4
2012-04-18;174706.35
2012-04-17;163656.15
2012-04-16;178781.4
2012-04-15;113482.95
2012-04-14;167144.25
2012-04-13;160790.7
2012-04-12;116640.3
2012-04-11;195.300
2012-04-10;147299.25
2012-04-09;176.232
2012-04-08;171756.9
2012-04-07;179830.35
2012-04-06;177405.9
2012-04-05;173337.15
2012-04-04;197829.45
2012-04-03;188992.65
2012-04-02;203689.5
2012-04-01;109.914
2012-03-31;213811.5
2012-03-30;219879.45
2012-03-29;221280.15
2012-03-28;223689.9
2012-03-27;215223.75
2012-03-26;219610.65
2012-03-25;208859.7
2012-03-24;208169.85
2012-03-23;221876.55
2012-03-22;195616.05
2012-03-21;187675.95
2012-03-20;185.115
2012-03-19;184641.45
2012-03-18;222878.25
2012-03-17;211844.85
2012-03-16;191240.7
2012-03-15;193.704
2012-03-14;193423.65
2012-03-13;27723.15
2012-03-12;209691.3
2012-03-11;202228.95
2012-03-10;211841.7
2012-03-09;208989.9
2012-03-08;165275.25
2012-03-07;215517.75
2012-03-06;201202.05
2012-03-05;186177.6
2012-03-04;185417.4
2012-03-03;201450.9
2012-03-02;207927.3
2012-03-01;118906.2
2012-02-29;180990.6
2012-02-28;185339.7
2012-02-27;231557.55
2012-02-26;179155.2
2012-02-25;191890.65
2012-02-24;211746.15
2012-02-23;220472.7
2012-02-22;219.114
2012-02-21;216.615
2012-02-20;221405.1
2012-02-19;166199.25
2012-02-18;163970.1
2012-02-17;170542.05
2012-02-16;208541.55
2012-02-15;201845.7
2012-02-14;219443.7
2012-02-13;215379.15
2012-02-12;177.177
2012-02-11;151141.2
2012-02-10;147070.35
2012-02-09;196155.75
2012-02-08;168171.15
2012-02-07;180267.15
2012-02-06;197899.8
2012-02-05;208862.85
2012-02-04;222545.4
2012-02-03;212727.9
2012-02-02;215122.95
2012-02-01;223765.5
2012-01-31;116524.8
2012-01-30;236137.65
2012-01-29;221249.7
2012-01-28;236191.2
2012-01-27;227196.9
2012-01-26;245444.85
2012-01-25;244539.75
2012-01-24;196073.85
2012-01-23;199824.45
2012-01-22;210403.2
2012-01-21;207944.1
2012-01-20;209293.35
2012-01-19;188039.25
2012-01-18;214931.85
2012-01-17;210071.4
2012-01-16;209045.55
2012-01-15;205980.6
2012-01-14;202843.2
2012-01-13;177463.65
2012-01-12;138345.9
2012-01-11;143070.9
2012-01-10;125665.05
2012-01-09;155617.35
2012-01-08;162935.85
2012-01-07;176749.65
2012-01-06;120598.8
2012-01-05;157830.75
2012-01-04;171057.6
2012-01-03;176002.05
2012-01-02;147886.2
2012-01-01;147532.35
2011-12-31;154862.4
